JurnalList
"Rapidly Progressive and Severe Hirsutism from Hyperreactio Luteinalis within a Background of Polycystic Ovary Syndrome - Hannah Miriam Mathew, Christopher Wang Lee, Shirin Haddady"
"Limitations of Basal Cortisol in the Diagnosis of Cushing Syndrome - Amanda P.T. Barros, Elisa B. Lamback, Maria Caroline A. Coelho, Leonardo Vieira Neto"
"Protracted Acute Hypervolemic Hypernatremia Unmasked After Vasopressin Therapy: Case Report, Literature Review, and Proposed Algorithmic Approach - Michael Morkos, Maria Fam, Mishita Goel, Peter Hart, Rasa Kazlauskaite"
"Severe Hypertriglyceridemia in Pregnancy: A Case Report and Review of the Literature - Lauren Elizabeth Kleess, Natasa Janicic"
"Pasireotide for a Patient with Acromegaly and Chronic Kidney Disease on Hemodialysis - Zaina Adnan, Ilan Shimon"
"A Rare Case of Primary Hyperparathyroidism, Hyperemesis Gravidarum, and Wernicke Encephalopathy - Jennifer Stahl, Niki Winters, Afreen Shariff"
"Alternating Thyroid Status Between Thyrotoxicosis and Hypothyroidism in a Patient with Varying Antithyroid Antibodies - Isaac Solaimanzadeh, Muhammad Rajib Hossain, Zewge Shiferaw-Deribe, Hargeet Sandhu"
"Silicone Granulomatous Inflammation Resulting in Hypercalcemia: A Review of the Literature - Niharika Yedla, Elys Perez, Violet Lagari, Alejandro Ayala"
"Locally Invasive Pheochromocytoma Combined with Primary Malignant Adrenal Lymphoma - Omar H. Oraibi, Laura I. Wharry, Amy A. Lynn, Foiqa Chaudhry, ... John Y. Jun"
"Extremely Low Testosterone due to Relative Energy Deficiency in Sport: A Case Report - Ana Narla, Kimberly Kaiser, Lisa R. Tannock"
"Rare POMC Mutation in a Patient With Myotonic Dystrophy Type 1 and Adrenocorticotropin Hyperresponse to Corticotropin-Releasing Hormone - Silvia Cantara, Francesco Chiofalo, Cristina Ciuoli, Carlotta Marzocchi, ... Fabio Giannini"
"Phosphaturic Mesenchymal Heel Tumor Presenting with Tumor-Induced Osteomalacia - Tarandeep Kaur, Eric T. Rush, Rajib K. Bhattacharya"
"Addition of Dulaglutide for a High-Dose Insulin Requiring Patient with Type 2 Diabetes Mellitus: A Remarkable Response - Mehrunissa Kazim, Nitin Trivedi"
"Pruritic Rash in an Elderly Patient with Uncontrolled Diabetes Mellitus - Samantha J. Bartling, Jessica L. Naff, Margaux M. Canevari, Caitlin M. Fink"
"Clinically Silent Adrenocorticotropic Hormone-Secreting Crooke Cell Adenoma Presenting as Unilateral Ear Pain - Krish J. Khatri, Pedram Javanmard, Puneet S. Pawha, Joshua D. Miller"
"DNA Ligase IV Syndrome: A Rare Cause of Growth Failure & Hypogonadism - Jennifer J. Iyengar, Shane C. Quinonez, Nataliya Razumilava, Barbara Soyster, ... Jennifer Wyckoff"
"Multiple Pituitary Adenomas with Functional Follicle-Stimulating Hormone Secretion Leading to Ovarian Hyperstimulation Syndrome - Adva Eisenberg, Jennifer Mersereau, Anne F. Buckley, Lauren Gratian"
Reduction in Thymoma Size After Pituitary Surgery for Growth Hormone–Secreting Tumor - Hema Padmanabhan
"Renin-Secreting Ovarian Adult Granulosa Cell Tumor in a Patient With New-Onset Hypertension and Hypokalemia - Rowan Karaman, Jin Xu, Ross F. Harrison, David M. Kushner, ... Yoram Shenker"
"Pseudohyponatremia in the Setting of Hypercholesterolemia - Lea El Hage, Edmunds Reineks, Christian Nasr"
