JurnalList
"A Novel Mutation in Calcium-Sensing Receptor Presenting as Familial Hypocalciuric Hypercalcemia in a Young Man - Parvathy Madhavan, Thi Hong Van Do, Allen Bale, Sachin Majumdar"
"Brown Tumors Secondary to Parathyroid Carcinoma Masquerading as Skeletal Metastases on 18F-FDG PET/CT: A Case Report - Yumiko Tsushima, Simeng Sun, Michael A. Via"
"Disseminated Invasive Aspergillosis in a Patient with Adrenocortical Carcinoma - Stanley M. Chen Cardenas, Kornelija Colovic, Theresa L. Nicol, Zahra Maleki, Esther Krug"
"Adrenal Insufficiency Caused by Paracoccidioidomycosis: Three Case Reports and Review - Felipe Martins de Oliveira, Maria Candida Barisson Villares Fragoso, Amanda Ferreira Meneses, L.e.t.ícia Assis Pereira Vilela, ... José Viana Lima"
"Parkinsonism as an Atypical Manifestation of Primary Hyperparathyroidism - Camilla Maria Guimarães Augusto, Nivaldo Sobral de Morais, Rafael Palmeira Santana, Marcos Oliveira Pires de Almeida"
"An Incidental Collision Tumor of the Sella Turcica - Corinne F. Levitus, Marina M. Charitou"
"Adrenal Microcystic Reticular Schwannoma - Joana M. Maciel, Daniela V. Pereira, Helder F. Simões, Valeriano A. Leite"
"Use of a Continuous Glucose Monitor for Preoperative Monitoring and Treatment of Hypoglycemia in a Case of Pancreatic Neuroendocrine Tumor - Ryan C. Lyerla, Arrsh Bajaj, Rupendra T. Shrestha"
"Bilateral Neuroarthropathy 11 Years After Simultaneous Pancreas-Kidney Transplant for Type 1 Diabetes Mellitus - Sebastian Ho, Jasdeep Giddie, Ketan K. Dhatariya"
"Artifacts Affecting Dual-Energy X-Ray Absorptiometry Measurements - Andrew J. Spiro, Thanh D. Hoang, Mohamed K.M. Shakir"
