JurnalList
"Long-Term Effect of 177Lu-Dotatate on Severe and Refractory Hypoglycemia Associated with Malignant Insulinoma - Pedro Iglesias, Alberto Martínez, Pablo Gajate, Teresa Alonso, ... Juan J. Díez"
"Evolving Adrenal Dysfunction After Bilateral Adrenal Infarction: A Case Report - Jee Young You, Norman Fleischer, Smita B. Abraham"
"Proinsulin-Predominant Pancreatic Neuroendocrine Tumor-Induced Hypoglycemia After ROUX-EN-Y Gastric Bypass Surgery - Khary Edwards, Lori de La Portilla, Faryal S. Mirza, Pooja Luthra"
"Adult-Onset Hypophosphatasia: Before and After Treatment with Asfotase ALFA - Angela L. Magdaleno, Sonum Singh, Sandhya Venkataraman, Gretchen A. Perilli, Ya-Yu Lee"
"Prolonged Hypercalcemia from Antibiotic-Eluting Calcium Sulfate Beads - Amy Vora, Sadia Ali"
"Central Precocious Puberty in two Boys with Prader-Willi Syndrome on Growth Hormone Treatment - Elena Monai, Anders Johansen, Erik Clasen-Linde, Ewa Rajpert-De Meyts, ... Rikke Beck Jensen"
"Clinical Course of a Unique Case of Allgrove Syndrome and Challenges of Hypoglycemia Management - Chang Lu, Ting A. Lee, Debra H. Pan, Elaine M. Pereira, Ping Zhou"
"Adult Osteoporosis With a History of Childhood-Onset Fracture Due to an LRP5 Receptor Variant Mutation - Terry Shin, Jay R. Shapiro"
"Coincident Suppurative Thyroiditis and Graves Disease in a Patient with Infected Branchial Cleft CYST - Ugen Lhamu, Ari J. Wassner, Lisa Swartz Topor"
"Thyroid Acropachy: A Rare Manifestation of Graves Disease in Joints - Nicolas Perini, Roberto Bernardo Santos, João Hamilton Romaldini, Danilo Villagelin"
"Severe Hypercalcemia After Joint Arthroscopy: Calcium Sulfate Beads to Blame - Angela Magdaleno, Robert A. McCauley"
"Nesidioblastosis in an Adult with Short Gut Syndrome and Type 2 Diabetes - Mimi Wong, Luke Conway, Caroline Cooper, Ashim Sinha, Nirjhar Nandi"
"Early-Onset Gonadoblastoma in a 13-Month-Old Infant with 46,XY Complete Gonadal Dysgenesis Identified with Prenatal Testing: A Case of Chromosome 9P Deletion - Meghan E. Fredette, Katelyn Cusmano, Chanika Phornphutkul, Jennifer Schwab, ... Lisa Swartz Topor"
"Parathyromatosis: A Rare Case of Recurrent Hyperparathyroidism Localized by Four-Dimensional Computed Tomography - Abraham E. Wei, Matthew R. Garrett, Ankur Gupta"
"Pancytopenia and Lymphoid Organ Hyperplasia in a Patient with Graves Disease: Response to Antithyroid Drug Therapy - Jonathan C. Li, Deepika Nandiraju, Serge Jabbour, Alan A. Kubey"
"Thyrotoxicosis in a Pediatric Patient with Supraventricular Tachycardia and Borderline Features of Thyroid Storm - Manthan Pandya, R. Angel Garcia, Jeremy Awori"
Author and Title Index - 
Subject Index - 
