JurnalList
"A Case of Complex Hematoma Formation After Institution of ACS Protocol in a Patient with Untreated Primary Hypoparathyroidism - Tasnim Ahsan, Erum Sohail, Amjad Siraj Memon, Masood Sheikh, ... Saima Ghaus"
"Intramedullary Spinal Cord Metastasis as the Presenting Feature of Papillary Thyroid Carcinoma - Uri Yoel, Ben-Zion Joshua, Rami Shoukrun, Victor Dyomin, ... Merav Fraenkel"
"Two Synchronous Pituitary Adenomas Causing Cushing Disease and Acromegaly - Melanie Schorr, Xun Zhang, Wenxiu Zhao, Parisa Abedi, ... Lisa B. Nachtigall"
"An Unexpected Combination of Prolactinoma and Septo-Optic Dysplasia - Marie-Noel Rahhal, Laure Sayyed Kassem"
"Acute Aortic Dissection in a Postmenopausal Female in the Setting of Parenteral Testosterone, Estradiol, and Progesterone Therapy - Michael Zeihen, Daniel Mattox, Timothy Sanborn, Michael Kreager, ... Eric Spencer Weiss"
"Cushing Disease Masquerading as Glaucoma - Yumiko Tsushima, Lubna Bashir Munshi, Charit Taneja, Se-min Kim"
"Symptomatic Pituitary Metastases: Two Case Reports with Contrasting Clinical Presentations - Allison J. Estrada, Shalamar D. Sibley, Tyler C. Drake"
"Vanishing Papillary Thyroid Carcinoma: Morphological Changes After Fine-Needle Aspiration - Mariaresa Te Jose, Bryan Hunt, Steven B. Magill"
"A Rare Case of Acromegaly and Autosomal Dominant Polycystic Kidney Disease: Case Report and Brief Review of Literature - Swayamsidha Mangaraj, Debasish Patro, Arun Kumar Choudhury, Anoj Kumar Baliarsinha"
"Electrocardiogram Changes in Addison Disease: Potential Clinical Marker for Adrenal Crisis - Pedro E. Perez, Wilson Sze, Joshua Miller"
"False Positive Radioiodine Post-Ablation Scan in Scalp Region in a Woman who Used Hair Coloring Revealed by SPECT/CT - Nevena Manevska, Sinisa Stojanoski, Tanja Makazlieva, Anamarija Jovanovska"
"Bisphosphonates for the Treatment of Calcitriol-Induced Hypercalcemia - Roselyn Cristelle Isidro Mateo, Ricardo Ortiz, Harold Noah Rosen"
"A Retroperitoneal Seminoma with Entrapped Nerve Ganglion Masquerading as a Paraganglioma - Rachel Chava Rosenblum, Karine Atlan, Judith Diment, Haggi Mazeh, ... Orit Twito"
"Amyloid Goiter as the First Recognizable Manifestation of Immunoglobulin Light Chain Amyloidosis - John J. Orrego, Joseph A. Chorny"
