JurnalList
"Follicle-Stimulating Hormone-Producing Pituitary Adenoma: A Case Report and Review of the Literature - Sonal Patel, Donato Pacione, Ilene Fischer, Ekrem Maloku, Nidhi Agrawal"
"Is Mesenteric Panniculitis a Sign for Autoimmune Diabetes in Adults? - Evangelos C. Rizos, Thalia Panagiotopoulou, Evangelos Liberopoulos, Moses Elisaf, ... Stelios K. Tigas"
"Subacute Thyroiditis in a Child - Nordie A. Bilbao, Anne-Marie D. Kaulfers, Samar K Bhowmick"
"Use of Inhaled Insulin in a Patient with Subcutaneous Insulin Resistance Syndrome: A Rare Condition - Swashti Agarwal, Meenal Gupta, Sheila Gunn"
"Ectopic Adrenocorticotropic Hormone Syndrome Due to Metastatic Prostate Cancer With Neuroendocrine Differentiation - Malini Soundarrajan, Henry Zelada, Jean Victoria Fischer, Peter Kopp"
"Hypothyroidism Could be a Potential Factor to Prolong Subcutaneous Nodules of Exenatide once Weekly: A Case Report - Ayako Ito, Akie Kamata, Aya Nozaki, Takao Ando, Atsushi Kawakami"
"Diagnostic Utility of Human Chorionic Gonadotropin Washout in Cervical Lymph Node Fine-Needle Aspiration for Metastatic Testicular Cancer - Jamie Kaplan, Helmi Khadra, Andrew B. Sholl, Emad Kandil"
"Metastatic Hürthle cell Carcinoma Presenting with low free Thyroxine, Severe Hypercalcemia and Spurious Growth Hormone Production - S. Rehman, K.K. Dhatariya"
"A Dramatic Response to Denosumab: Protracted Hypocalcemia Related to Human T-Cell Lymphotropic virus type 1-Associated Adult T-Cell Leukemia/Lymphoma - Emily Anne Japp, Michal Kasher Meron, Joel Zonszein"
"Bariatric Surgery for Pre-Operative Weight Reduction in a Patient with Pheochromocytoma - KateJ Haigh, Peter Davoren"
"Successful Use of Rituximab in a Case of Riedel Thyroiditis Resistant to Treatment with Prednisone and Tamoxifen - Saira Varghese Mammen, Murray B Gordon"
"Ovarian Granulosa cell Tumor in a Patient with a Pathogenic Variant in the CDC73 Gene (Hyperparathyroidism-Jaw Tumor Syndrome) - Rowella Licup Sirbiladze, Denise Uyar, Jennifer L. Geurts, Joseph L. Shaker"
