JurnalList
"Depot Triamcinolone Injection Contributing to Adrenal Suppression and Cushing Syndrome: Case Report and Literature Review - Rachel E. Modarelli, Matthew D. Stephen"
"Flail Mitral Valve: A Rare Complication of a Thyroid Storm - Abel Weiliang Chen, HuiChia Wee, Vikram Sonawane"
"Thyroid Storm With Coma in a Patient with Metastatic Thyroid Carcinoma and Graves Disease: Won the Battle but Lost the War - Ashna Pinto, Tyler Drake, Zuzan Cayci, Lynn A. Burmeister"
"Co-Existence of Primary Hyperparathyroidism due to Multiple Endocrine Neoplasia 1 in a Hypercalcemic Patient with Graves Disease - Shalini Bhat, Susan Davis"
"Multilocular Pure Leydig Cell Tumor of Ovary, Fallopian Tube, and Extraovarian Soft Tissue - Marie Boehnisch, Uwe Lindner, Touhama Salameh, Anja Gebbert, ... Olaf Dirsch"
"A Unique Case of Central Hypopituitarism and Central Diabetes Insipidus Caused By Diffuse Large B-Cell Lymphoma - Jason A. Stegink, Vishal Sehgal, Manige Konig"
"Subclinical Acromegaly due to a Pituitary Cystic Somatotroph Adenoma - Natalie Mora, Thanh D. Hoang, Vinh Q. Mai, Mohamed K.M. Shakir"
"Use of Continuous Glucose Monitoring Leads to Diagnosis of Hemoglobin C Trait In a Patient with Discrepant Hemoglobin A1C and Self-Monitored Blood Glucose - Jordan J. Wright, Jiun-Ruey Hu, Zahra Shajani-Yi, Shichun Bao"
"Glucose Changes in a Patient With Insulin Autoimmune Syndrome Demonstrated by Continuous Glucose Monitoring - Shi-Dou Lin, Shang-Ren Hsu"
"A Case of Hyperparathyroidism Treated With Cinacalcet During Pregnancy - Mohammed Bashir, Marwa Mokhtar, Khaled Baagar, Amin Jayyousi, Emad Naem"
"Granulomatous Disease of Unusual Sites Causing Hypercalcemia: two Case Reports - Stamatios Zouras, Ashutosh Surya, Hussam Abusahmin, Mohamed Hassan, ... Gautam Das"
"Testotoxicosis with an Episodic Course: An Unusual Case Within a Series - Zeina M. Nabhan, Erica A. Eugster"
"A Curious Case Of “Double Cushing Syndrome ” - Anshita Aggarwal, Ashu Rastogi, Anil Bhansali"
"Hemoglobin Wayne Variant Interfering with Hemoglobin A1C Measurement - Maali Milhem, Mose July, Shahed Elhamdani, Nesreen BenHamed"
"Remission of Longstanding Insulin-Treated Diabetes Mellitus Following Surgical Resection of Pheochromocytoma - Owain M. Leng, Asgar C. Madathil"
"Cystic Prolactinoma: A Surgical Disease? - Kayur R. Bhavsar, Kristi D. Silver"
"Adrenal Insufficiency from Unilateral Adrenal Hemorrhage in a Patient on Rivaroxaban Thromboprophylaxis - Bob A. Ly, Luis Quintero"
"Hypokalemic Periodic Paralysis In A Patient With Euthyroid Graves Disease And Celiac Disease - Aman Rajpal, Ajay Sood"
"An Atypical Presentation of Diabetic Myonecrosis - Francisco Galeano-Valle, Estela Benito-Martinez, Luis Álvarez-Sala-Walther, Gabriela Oprea-Ilies, ... Francisco J. Pasquel"
"Severe, Prolonged, Denosumab-Induced Hypocalcemia With Recovery After 111 Days Of High-Dose Calcium Supplementation - Rachael V. McCaleb, Jill T. Johnson"
