JurnalList
"The Use of Gastrostomy Tube for the Long-Term Remission of Hyperinsulinemic Hypoglycemia After Roux-en-y Gastric Bypass: A Case Report - Colleen M. Craig, Cindy Lamendola, Jens J. Holst, Carolyn F. Deacon, Tracey L. McLaughlin"
"Euglycemic Diabetic Ketoacidosis with Acute Pancreatitis in a Patient Not Known to Have Diabetes - Janna Prater, Joumana T. Chaiban"
"A Case of C-Cell Hyperplasia in an Asymptomatic V804M Ret Mutation Carrier: Can the Calcium Infusion Test Predict C-Cell Hyperplasia? - Maiko Kakita-Kobayashi, Yohei Ueda, Kanako Tanase-Nakao, Takeshi Usui, ... Akira Shimatsu"
"Wolfram Syndrome: A Genetic Analysis of 2 Brothers - Marcella Nara Nunes, Ana Carolina Duarte Esperidião, Maria Luiza Mendonça Pereira Jorge, Paulo Tannus Jorge"
"Splenosis: An Uncommon Cause of Right ""Adrenal Incidentaloma."" Case Report and Review of the Literature - Pablo Valderrabano, Jamie Caracciolo, Lynn Moscinski, Bryan McIver, Howard Lilienfeld"
"A Case of Ankylosing Spondylitis and Ichthyosis Vulgaris in a Turner Syndrome Patient with a Rare Karyotype - Xiang Wang, Minggang Zhao, Wei Chen, Fang He, ... Xu Li"
"Diffuse Large B-Cell Lymphoma Presenting with Diabetes Insipidus: A Case Report - Arshpreet Kaur, Asha Thomas"
"Hypopituitarism with Moyamoya Disease Involving the Posterior Pituitary - Arun Kumar R. Pande, Subhash B. Yadav, Sunil Kumar"
"Optic Neuropathy in 2 Thyroidectomized Patients with Moderate to Severe Graves Ophthalmopathy Following L-Thyroxine Withdrawal Prior to Radioiodine Treatment for Thyroid Carcinoma - Roberto Rocchi, Maria Antonietta Altea, Michele Marinò, Francesca Menconi, ... Francesco Latrofa"
"MODY3 and Pancreatic Transplant: Making a Case for Universal MODY Screening Before Transplant - Priyathama Vellanki, Jessica Hwang, Louis H. Philipson, Brian T. Layden"
"Cocaine-Induced Pituitary Apoplexy and Panhypopituitarism - Nitesh D. Kuhadiya, Akshata Desai, Antoine Makdissi, Manav Batra, Ajay Chaudhuri"
"8-Year Survival with a Metastatic Thymic Neuroendocrine Tumor: Emphasis on Redefining “Treatment Objectives” Using “Personalized” Peptide Receptor Radionuclide Therapy with 177LU- and 90Y-Labeled Somatostatin Analogs - Ameya D. Puranik, Harshad R. Kulkarni, Aviral Singh, Richard P. Baum"
"Congenital Adrenal Hyperplasia and Ohvira Syndrome: First Report of Unique Combination in a Child - Mahasen S. Al-Najar, Mohammad M. Saleem, Abeer A. Alassaf, Shams A. Jubouri, Mohanad K. Aftan"
"Denosumab for the Treatment of Refractory Hypercalcemia in Metastatic Parathyroid Carcinoma - Saori Itoshima, Akiko Yuno, Tomomi Kato, Hidetoshi Kamada, ... Shigeki Koizumi"
"Hypothyroxinemia, Hyperthyrotropinemia, and Radioiodine: Partners in Crime Against Graves Orbitopathy? - Petros Perros"
"Cardiogenic Shock Due to Nonischemic Cardiomyopathy Induced by Severe Anterior Hypopituitarism - Nicolas Kissell, James O. Mudd, Jill M. Gelow, Lindsay E. Chong, Kevin C.J. Yuen"
