JurnalList
A Message from the Editor-in-Chief - Derek LeRoith
"Sellar Atypical Teratoid/Rhabdoid Tumor: Any Preoperative Diagnostic Clues? - Irina Lev, Xuemo Fan, Run Yu"
"Recurrent Primaty Adrenal Leiopyosarcoma: A Complete Literature Review and Presentation of a Rare Adrenal Tumor - Alex J. Manzano, Vania Nose, Gustavo L. Fernandez-Castro, Alejandro Ayala"
"Extreme Hypercalcemia of Malignancy in a Pediatric Patient: Therapeutic Considerations - Marisa M. Fisher, Jason M. Misurac, Jeffrey D. Leiser, Emily C. Walvoord"
"Carney-Stratakis Syndrome Caused by a Novel SDHD Mutation - Chiaw Ling Chng, Soha El Sheikh, Martyn Caplin, Daryll Baker, Bernard Khoo"
"Rhabdomyolysis in Primary Aldosteronism: A Case Report and Review of the Literature - Bin Yao, Zhaoyi Qin, Ying Tan, Yi He, ... Jianping Weng"
"Next-Generation Sequencing-Based Genetic Testing For Familial Partial Lipodystrophy - Hesarghatta Shyamasunder Asha, Aaron Chapla, Shrinath Shetty, Nihal Thomas"
"Visual Symptoms During Hypoglycemia: A Case Series - Tulsi Sharma, Harpreet Kaur, Ruth S. Weinstock"
"Amyloid Goiter in a Patient with Cystic Fibrosis - Antonio Omiste, Cristina Maldonado-Araque, Casilda Olveira, Jose Mellado, Gabriel Olveira"
"Iodine Deficiency–Induced Goiter in Central New Jersey: A Case Series - Amy Chow, Xinjiang Cai, Sophia Hu, Xiangbing Wang"
"A Case Report of Continuous Subcutaneous U-500 Insulin Administration in a Patient with Insulin Resistant Lipodystrophy - Ryan Kennedy, Lisa R. Tannock"
"Follicular Thyroid Cancer with Pulmonary Metastasis Presenting as Toxic Autonomously Functioning Thyroid Nodule - Mark Henry Joven, George S. Hutfless, Robert J. Anderson"
"An Unusual Presentation of Pediatric Cushing Disease: Diabetic Ketoacidosis - Gonul Catli, Ayhan Abaci, Ozgur Tanrisever, Cemil Kocyigit, ... Bumin N. Dundar"
"Clinical Case Report: LECT2-Associated Adrenal Amyloidosis - Mitra L. Rauschecker, Stephanie M. Cologna, Paraskevi Xekouki, Naris Nilubol, ... Smita Baid Abraham"
"Acromegaly as a Complication of Growth Hormone Therapy - Eiriny T. Eskander, Vivien Bonert"
"Levothyroxine Malabsorption Induced by Diabetic Gastroparesis Exacerbated During Pregnancies: Effect of Intramuscular Levothyroxine Injections and Levothyroxine Soft Gel Capsules - Paul Joon Kim, Issac Sachmechi"
The Use of Highly Concentrated U-500 Regular Insulin for the Severely Insulin Resistant Patient with Type 2 Diabetes - Larry A. Distiller
Is Iodine Deficiency Reemerging in the United States? - Elizabeth N. Pearce
