JurnalList
"Incidentally Discovered ACTH-Secreting Pituitary Adenoma on a Sestamibi Scan in a Patient With Hyperparathyroidism - Nitesh D. Kuhadiya, Anu Verma, Antoine Makdissi, Ajay Chaudhuri, ... Manav Batra"
"Elevated Levels of Plasma Immunoassayable Aldosterone in a Mild Form of 17 Alpha-Hydroxylase/17,20-lyase Deficiency Diagnosed at the Age of 50 - Yohei Ueda, Takeshi Usui, Tomokazu Watanabe, Keiichi Kaneko, ... Akira Shimatsu"
"Pemberton Sign in a Male With Hashimoto’s Hypothyroidism - Cristina Ogrin, Nitin A. Pagedar"
"Hyperglycemia-Induced Involuntary Movements: 2 Case Reports and a Review of the Literature - Alejandra Borensztein, Ruth H. Walker, Robert Schell, Helena A. Guber"
"Three Cases of ACTH-Producing Pheochromocytoma – Full Hormonal Workup in Patients With an Adrenal Mass May Be Crucial For Correct Management - Mikkel Andreassen, Birgitte Grønkær Toft, Claus Larsen Feltoft, Mette Friberg Hitz, ... Ulla Feldt-Rasmussen"
"Bexarotene and Hypopituitarism - Hulusi Atmaca, Gülşen Işıklı, Nilgün Sentürk"
"Amniotic Fluid Embolism Triggered By Hypertensive Crisis Due to Undiagnosed Pheochromocytoma in a Pregnant Subject With Neurofibromatosis Type 1 - Nozomu Takahashi, Koji Nishijima, Makoto Orisaka, Hideaki Tsuyoshi, ... Yoshio Yoshida"
"Thyrotoxic Periodic Paralysis: A Review of Cases in the Last Decade - Lauren Hayley Stieger Clarine, Nadeen Hosein"
"Insulinoma Localization by Glucagon-Like Peptide-1 Receptor Imaging After 18 Years of Hypoglycemia - Aglaia Kyrilli, Mariana Igoillo-Esteve, Françoise Féry, Fabio A. Grieco, ... Miriam Cnop"
"HbA1C An Inaccurate Measure of Glycemic Control in a Female with Hereditary Spherocytosis Despite Normal Hemoglobin Levels - Nora Alghothani, Kathleen M. Dungan"
"Langerhans Cell Histiocytosis Presenting as Endocrine Disorders in an Adult Patient: A Case Report - Yan Bing, Guo Jing, Wang Chang-You, Wang Xue-Ming, ... Yan Zhen-Yu"
"Clinical and Hormonal Response to Mifepristone Therapy in 2 Patients with ACTH-Independent Cushing Syndrome - Andreas G. Moraitis, Richard J. Auchus"
"Fulminant Type 1 Diabetes in an 81-Year-Old Male with Rhabdomyolysis-Induced Acute Kidney Injury Successfully Withdrawn from Hemodialysis: A Case Report - Satoshi Yamagata, Kazunori Kageyama, Jun Matsui, Hiroshi Murakami, ... Makoto Daimon"
"Hereditary Spherocytosis and Other Factors That Alter HBA1C Levels - Robert J. Rushakoff, Heidemarie Windham MacMaster, Arti D. Shah"
Detection of a Small Insulinoma Using a Novel Glucagon-Like Peptide-1 Receptor Ligand - Sara K. Meibom
