JurnalList
"Hypertensive Emergency Following Embolization of a Large Adrenal Myelolipoma–Adrenal Medullary Infarction, Pheochromocytoma, or Acute Sympathetic Discharge? A Case Report and Literature Review - Mohammed Z. Ansari, Maria M. De La Garza, Michael Deavers, Julius Balogh, ... Dale J. Hamilton"
"Pseudotumor Cerebri as a Rare Presentation of Infantile Hypophosphatasia: A Case Report - Abeer Alassaf, Amira Masri, Etienne Mornet, Rasha Odeh, Abdelkarim A. Al-Qudah"
"Cinacalcet for Management of Tertiary Hyperparathyroidism Associated with Chronic Treatment of Hypophosphatemia in an Adult with Tumor-Induced Osteomalacia - Sophia Hu, Seena C. Aisner, Sara E. Lubitz"
"Insulinoma Manifesting Early Postpartum: Case Report and Review of the Literature - Eske Christiane Gertje, Annemiek M.E. Walenkamp, Andor W.J.M. Glaudemans, Sander A.J.C. Ijtsma, ... Robin P.F. Dullaart"
"Fatal Esophageal Squamous Cell Carcinoma at a Young Age as a Complication of Autoimmune Polyendocrinopathy-Candidiasis-Ectodermal Dystrophy - Sara F.M. Awad, Gulisa Turashvili, Robyn L. Houlden"
"Catatonia Induced by an ACTH-Secreting Neuroendocrine Tumor: A Case Report - Tien Sy Dong, Jonathan Thompson Henry, Katherine Stanley, Silvana Pannain"
"Concomitant Pituitary Apoplexy and Acute Fatty Liver of Pregnancy Complicated With Disseminated Intravascular Coagulation - Umang Barvalia, Myrto Eliades, Lina Melhem"
"Spontaneous Remission of Primary Hyperparathyroidism Related to an Autoimmune Disease: A Case Report - Barbara C. Silva, Jessica Fleischer, Zachary Lenane, Wen-Wei Fan, ... John P. Bilezikian"
"Gynecomastia as Unusual Presentation of Primary Choriocarcinoma of the Colon: A Case Report and Literature Review - Maríaresa Te Julián, Eduarda Pizarro, Susana Martínez Peralta, Olga García Vidal, ... Enric Ballestar"
"Catecholamine Crisis Precipitated by Intra-Articular Glucocorticoid Administration in a Patient with Paraganglioma - Chhaya Makhija, Vijay Shivaswamy, Meredith Ross, Andjela Drincic, Whitney Goldner"
"Pancreatic Neuroendocrine Tumors Presenting with Hypercalcitonemia - Alexandra Chrisoulidou, Gregory Kaltsas, Stylianos Mandanas, Eleftherios Chatzellis, ... Kalliopi Pazaitou-Panayiotou"
"SDHC Mutations are Associated with Cardiac Paragangliomas: A Case Report of a Patient With a Dopamine-Secreting Tumor and Review of the Literature - Daniela Guelho, Daniela Stefania Trifu, Treena Cranston, Colin Forfar, ... Ashley B. Grossman"
"The Hidden Liquorice: Apparent Mineralocorticoid Excess Caused by Inadvertent Exposure to Liquorice Root Extract - Ailsa M. Main, Ulla Feldt-Rasmussen"
Author and Title Index - 
Subject Index - 
