JurnalList
"A Bull in a Pill Shop: Alpha-Gal Allergy Complicating Treatment Options for Postprocedural Hypothyroidism - Tanner A. Slayden, Mohamed K.M. Shakir, Thanh D. Hoang"
"Hypophosphatemic Rickets with Hypercalciuria: A Novel Homozygous Mutation in SLC34A3 and Literature Review - Sanjay K. Bhadada, Subbiah Sridhar, Vandana Dhiman, Karen Wong, ... Tim Cundy"
"Atypical Recurrence of Parathyroid Carcinoma Following Infliximab Therapy in a Patient with Ulcerative Colitis - Felona Gunawan, Elizabeth Holt"
"Leydig Cell Hypoplasia: A Unique Paradox in the Diagnosis of 46, XY Disorders of Sex Development - Sharmin Jahan, Muhammad Abul Hasanat, Fakhrul Alam, Mohammad Fariduddin, Tania Tofail"
"A Nonsense GATA6 Mutation Explains History of Congenital Heart Defects and 10 Years of Poorly-Controlled Diabetes Lacking DKA in a Non-Obese 30 Year-Old Incidentally Found to Have Pancreatic Hypoplasia - Michelle L. Miles, Natasha Cowan, Gavin Jackson"
"Occult Primary Hyperparathyroidism: A Case Report and Review of Parathyroid Ultrasonography - Matthew C. Moccia, Eli E. Miller, Cherie L. Vaz"
"Reduction in Subcutaneous Insulin Requirements in Tetraplegic Type 1 Diabetic with Cervical Spinal Cord Injury Following Pramlintide Treatment - Frank Salamone, Brian A. Berelowitz"
"Hypercalcemia of Malignancy in a Case of Peripheral Nerve Sheath Tumor: Elucidating the Roles of Simultaneous Mechanisms - Malini Ganesh, Sanford Baim"
"Bilateral Adrenal Hemorrhage with Adrenal Insufficiency After Dalteparin Use Post HIP Athroplasties - Robyn L. Houlden, Azraa Janmohamed"
"Massive Thymic Hyperplasia Secondary to Graves Disease - Wing Yee Wan, Jeffrey A. Colburn"
