JurnalList
"Recurrent Invasive Ductal Breast Carcinoma Presenting as Primary Adrenal Insufficiency with Adrenal Crisis - Mitha Madhava Naik, Michael James Nestasie, Murray B. Gordon"
"A Rare Case of Rapidly Enlarging Myelolipoma in Sickle Cell Disease - Paran Davari, Cortney Youens Lee, James-An Te Lee"
"Replacing Insulin with Anti-Virals: A Clinical Vignette on Diabetes and HCV Treatment - Justin Berk, Ting-Jia Lorigiano, Mark Sulkowski, Sara Mixter"
"Primary Adrenal Insufficiency Secondary to Chronic Posaconazole Use - Daniela Pirela Araque, Gabriela Zuniga, Alejandro R. Ayala"
"Adrenal Insufficiency Secondary to Bilateral Adrenal Hemorrhage Associated with Antiphospholipid Syndrome - Rashika Bansal, Priti V. Nath, Thanh D. Hoang, Mohamed K.M. Shakir"
"Amiodarone-Induced Thyrotoxicosis After Total Thyroidectomy for Metastatic Follicular Thyroid Cancer - Christerlyn Charles, Ketan K. Dhatariya"
"Neoadjuvant Lenvatinib in Advanced Unresectable Medullary Thyroid Carcinoma: A Case Report - Hubert Golingan, Brian Hunis, Allan C. Golding, David N. Bimston, R. Mack Harrell"
"Unusual Presentations of LMNA-Associated Lipodystrophy with Complex Phenotypes and Generalized Fat Loss: When the Genetic Diagnosis Uncovers Novel Features - Natalia Xavier S. de Andrade, Suleyman Cem Adiyaman, Bernamir De Yuksel, Carla T. Ferrari, ... Elif A. Oral"
"A Rare Case of Statin-Induced Necrotizing Autoimmune Myopathy - Shirley Shuster, Sara Awad"
"Spontaneous Cerebrospinal Fluid Leak after Initiation of Dopamine Agonist Therapy in Macroprolactinomas: Two Case Reports and a Literature Review - Jonea Lim, Mitali Talsania, Madona Azar"
"A Case of Familial Nonautoimmune Hyperthyroidism During Pregnancy - Yuka Okazaki, Naoko Arata, Nagayoshi Umehara, Taisuke Yamauchi, ... Haruhiko Sago"
"Severe Insulin Resistance with Diabetic Ketoacidosis After Brentuximab Treatment - Janet M. Chiang, Andrew R. Lai, Mark Anderson, Robert J. Rushakoff"
