JurnalList
"Rapid Desensitization with Intravenous Insulin in a Patient with Diabetic Ketoacidosis and Insulin Allergy - Shirley Shuster, Rozita Borici-Mazi, Sara Awad, Robyn L. Houlden"
"A Common Pituitary Autoantibody in Two Patients with Immune Checkpoint Inhibitor-Mediated Hypophysitis: ZCCHC8 - Amanda Leiter, Sacha Gnjatic, Mary Fowkes, Seunghee Kim-Schulze, ... Emily J. Gallagher"
"Maternal Graves Disease and Abnormal CYP2D6 Genotype with Fetal Hyperthyroidism - Christopher Spoke, Christopher Martin"
"Acromegaly and a Giant Retroperitoneal Liposarcoma Producing IGF-1 - César Ernesto Lam-Chung, Diana Lizbeth Rodríguez-Orihuela, Rebeca Arízaga-Ramírez, Paloma Almeda-Valdés, ... Daniel Cuevas-Ramos"
"A Series of Two Patients With Cardiac Paragangliomas - Hannah E. Farquhar, Mimi Wong, Gaurav Puri, Ashim Sinha"
"Sweet Syndrome and Hashimoto Thyroiditis: A Case Report and Review of the Literature - Jacob Goodwin, Samuel Ives, Hiba Hashmi"
"Thyroid Abscess After Injection of Heroin into the Neck Complicated by Thyroid Storm - Christine Mathai, Anthony Coppola, Cherie Lisa Vaz"
"Ectopic Thyroid Tissue Masquerading as a Functional Carotid Body Paraganglioma - Caitlin B. Iorio, Kristen A. Atkins, Ralf M. Nass, David C. Shonka"
"Isolated Paraganglioma in a Patient with VHL P.L163F Mutation - Michael Goldstein, Rebecca E. Neril, Gary D. Rothberger"
