JurnalList
"Robotic Paraganglioma Resection In A Pregnant Patient - Patricia Y. Chu, Margaret L. Burks, Carmen C. Sólorzano, Shichun Bao"
"Autoimmune Diabetes In A Patient With Human Immunodeficiency Virus on Anti-Retroviral Therapy With Literature Review - Kyrstin L. Lane, Tannaz Moin"
"Acquired Ectopic Posterior Pituitary Bright Spot Due to Vasculotoxic Snakebite - Liza Das, Anil Bhansali, Chirag Kamal Ahuja, Márta Korbonits, Pinaki Dutta"
"Pheochromocytoma Concealed By Chronic Methamphetamine Abuse - Georgiana Constantinescu, Steffen Leike, Matthias Gruber, Katharina Langton, ... Jacques Lenders"
"Iatrogenic Cushing Syndrome In An Hiv-Infected Patient Secondary to Concomitant Therapy With Genvoya and Epidural Triamcinolone - Priyanka M. Mathias, Eric J. Epstein"
"Recurrent Pituitary Apoplexy In An Adenoma With Switching Phenotypes - Teresa V. Brown, Kalmon D. Post, Khadeen C. Cheesman"
"Metastatic Thyroid Cancer In A Man With Tumor-Free Thyroid - Spenser S. Souza, Ehab S. Alameer, Emad Kandil, Grace S. Lee"
"Intravenous Levothyroxine During Hemodialysis In A Patient With Hypothyroidism and Non-Adherence to Oral Medications - Dipa Avichal, Igor Kravets"
"Severe Hypercalcemia Secondary to Paraffin Oil Injections In A Bodybuilder With Significant Findings on Scintigraphy - Parul Khanna, Alireza Khatami, Mina Swiha, Irina Rachinsky, ... Amanda J. Berberich"
"Caution Advised Using Combination Ketoconazole and PD-1 Inhibitors - Yingying Yang, Joel R. Hecht, Sandy Ting Liu, Melissa J. Cohen, ... Anthony P. Heaney"
"Early Onset of Mody5 Due to Haploinsufficiency of HNF1B - Carmen Bustamante, Janine Sanchez, Tossaporn Seeherunvong, Supamit Ukarapong"
"Eradication of Papillary Thyroid Carcinoma In A Patient Receiving Pemetrexed and Bevacizumab - John Dylan Pate, Christopher M. Gilbert, James T. Bonucchi"
"Thyrotoxic Periodic Paralysis In A Competitive Bodybuilder With Thyrotoxicosis Factitia - Amy J. Patel, Stephanie Tejera, Stanislaw P. Klek, Gary D. Rothberger"
"Pyknodysostosis (Osteopetrosis Acro-Osteolytica) - Gregory S. Schmidt, John P. Schacht, Treyce S. Knee, Mohamed K.M. Shakir, Thanh D. Hoang"
"Long Term Follow-Up of One of The First Patients to Receive Human Growth Hormone Therapy - Cassandra Hawco, Robyn L. Houlden"
"Budesonide-Induced Hyperosmolar Hyperglycemic State Following Transjugular Intrahepatic Portosystemic Shunt - Thejus Jayakrishnan, Meera Babu, Steven Goodnow, Brent Hardman"
"Severe Hypertriglyceridemia Associated With Everolimus Treatment After Heart Transplantation - Phillip Lo, Katherine Kearney, Christopher A. Muir, Ning Song, ... Peter S. Macdonald"
"Incidental Pulmonary Metastases Revealing Subcentimeter Papillary Thyroid Carcinoma - Ruey Hu, George Xu, Thomas Stricker, Bingshan Li, ... Lindsay Bischoff"
"Conversion of Hypothyroidism to Hyperthyroidism: A Rare Clinical Phenomenon - Jessica Watari, Navinder Jassil"
