JurnalList
"Pancytopenia Secondary To Autoimmune Vitamin B12 Deficiency In Graves Disease - Vilmarie Rodriguez, Kristen M. Gonzales, Anoop Mohamed Iqbal, Natasha Arbelo-Ramos, ... M. Regina Castro"
"Eletriptan (Relpaxa™) Causing False Positive Elevations In Urinary Metanephrines - Zachary W. Bloomer, Elizabeth M. Bauer, Thanh D. Hoang, Mohamed K.M. Shakir"
"Severe Hyperandrogenism in A Premenopausal Woman With An Imaging-Negative Leydig Cell Tumor - Stephanie B. Lubchansky, Ruth McManus"
"Adipsic Diabetes Insipidus After Second Resection of A Hypothamic Astrocytoma - Yasir Elamin, AlAnoud AlAnazi, Zahra A. AL Saeed, Fatimah M. Alabdrabalnabi"
"Long-Term Follow Up and Treatment Outcomes of A 2 Year-Old-Boy With Metastatic Testosterone-Secreting Adrenocortical Carcinoma - Danielle LoGiurato, Zoltan Antal, Ping Zhou"
"An Adjunctive Use Of Asfotase Alfa and Zoledronic Acid After Spinal Surgery In Neurofibromatosis Type 1 Related Dystrophic Scoliosis - Tasma Harindhanavudhi, Takashi Takahashi, Anna Petryk, David W. Polly"
"Methotrexate Treatment for Sarcoidosis-Induced Hypercalcemia - Lior Baraf, Mahmoud Abu-Shakra"
"Seizures Associated With Zoledronic Acid (ZA) Therapy: A Case Report And Review Of The Literature - Roy Shalit, Liana Tripto-Shkolnik"
"Hypercalcemic Patient Diagnosed With Primary Hyperparathyroidism After Dapagliflozin Treatment - Pınar Akhanlı, Sema Hepsen, Bekir Ucan, Güleser Saylam, Erman Cakal"
"Primary Hyperparathyroidism Accompanied By Recovery Of Parathyroid Blood Flow Three Months After Spontaneous Parathyroid Hemorrhage - Nobuhiro Nakatake, Sunao Matsubayashi, Takeshi Hara, Shinya Satoh, Hiroyuki Yamashita"
"Unexpected Hyperparathyroidism in A Patient With Acrodysostosis - Paul S. Hiers, Henry J. Rohrs"
"Successful Reimplementation Of A Very Low Carbohydrate Ketogenic Diet After SGLT2 Inhibitor Associated Euglycemic Diabetic Ketoacidosis - Ethan I. Fieger, Kristen M. Fadel, Amir H. Modarres, Edmond P. Wickham, Susan E. Wolver"
"Pseudohypophosphatemia In A Patient With Multiple Myeloma - Lawrence Wen Wu, Tak-Shun Choi, Monica Barbosa, Hyemi Chong, ... Kyaw K. Soe"
"Hypoglycemia As Initial Presentation In Patient With Isolated Acth Deficiency - Fatimah Mohammed Alabdrabalnabi, Zahra Abdulwahed A.L. Saeed, Yasir Abuelgasim Elamin"
"Sublingual Vitamin D3 Effective In A Patient Resistant To Conventional Vitamin D Supplementation - Sobia Faisal, Faryal Sardar Mirza"
"Rapid Development of Iatrogenic Cushing Syndrome In A Patient On Ritonavir: The Adverse Metabolic Consequence of Topical Steroid Use - Jeremy D. Purser, Ruba Riachy, Lucas S. Blanton, L. Maria Belalcazar"
"Diabetic Ketoacidosis Associated With Alpelisib Treatment Of Metastatic Breast Cancer - Stephanie J. Farah, Nohad Masri, Hady Ghanem, Madona Azar"
"Postoperative Hypocalcemia Following Parathyroidectomy for Giant Parathyroid Adenoma - Rishi Raj, Adele Amine, Demetrios Herodotou"
"Unique Presentation of Duplication of the Pituitary Gland-Plus Syndrome - Asma Ahmed, Anam N. Ehsan, Fatima Mubarak, M.S. Shamim, ... Maheen Batool"
"Subacute Thyroiditis In A Patient With Coronavirus Disease 2019 - Maris J. De San Juan, Mary Queen V. Florencio, Mark Henry Joven"
