JurnalList
"Novel XRCC4 Mutations in an Infant With Microcephalic Primordial Dwarfism, Dilated Cardiomyopathy, Subclinical Hypothyroidism, and Early Death: Expanding the Phenotype Of XRCC4 Mutations - Meghan E. Fredette, Kristin C. Lombardi, Angela L. Duker, Catherine O. Buck, ... Jose Bernardo Quintos"
"Hyperprolactinemia in a Transgender Male - Sapna Patel, Jessica Abramowitz"
"Recurrent Painful Hashimoto Thyroiditis Successfully Treated by Thyroidectomy - Carol Chiung-Hui Peng, Kashif M. Munir, Linda Song, John C. Papadimitriou, Majorie A. Pennant"
"Therapeutic Plasma Exchange as a Bridge to Total Thyroidectomy in Patients with Severe Thyrotoxicosis - Kelsey Tieken, Ameena Madan Paramasivan, Whitney Goldner, Ana Yuil-Valdes, Abbey L. Fingeret"
"Hypothyroidism and Goiter in a Young Male with Suspected Dietary Iodine Deficiency Followed by Thyrotoxicosis After Iodine Supplementation - Itivrita Goyal, Manu Raj Pandey, Rajeev Sharma"
"Spontaneous Resolution of Primary Hypercortisolism of Cushing Disease After Pituitary Hemorrhage - Krishmita Siwakoti, S. Bulent Omay, Silvio E. Inzucchi"
"A Unique Case of Atezolizumab-Induced Autoimmune Diabetes - Mimi Wong, Nirjhar Nandi, Ashim Sinha"
"The Novel Use of Stereotactic Radiotherapy for Remnant Adrenal Tissue in Nelson Syndrome - Alexandra N. Martirossian, Rojymon Jacob, Kristen O. Riley, John R. Porterfield, Tom B. Vaughan"
"Linagliptin-Induced Pancreatitis - Jorge Esteban Mosquera, Nancy Torres, Jorge Restrepo, Carlos Ruz-Pau, Sowmya Suryanarayanan"
"A Case of Acquired Generalized Lipodystrophy Associated with Pembrolizumab in a Patient with Metastatic Malignant Melanoma - Sara Bedrose, Christie G. Turin, Victor R. Lavis, Sang T. Kim, Sonali N. Thosani"
"Manifestations of Glucagonoma Syndrome - Mauricio Alvarez, Andres Almanzar, Fabian Sanabria, Gustavo Meneses, ... Luis Zarate"
