JurnalList
"Resistant Hyponatremia Secondary to the Syndrome of Inappropriate Antidiuretic Hormone Secretion Associated with Thymic Neuroblastoma - Óscar Aramburu-Bodas, Prado Salamanca-Bautista, Serena Scocco, Miguel Congregado-Loscertales, ... Isabelle Runkle"
"FSH-Producing Pituitary Macroadenoma: Report of 2 Cases with Clinical Manifestations of Hormone Excess - Daniela L. Mana, María S. Belingeri, Marcos Manavela, Silvia Guaita, ... Enrique C. Cazado"
"Giant Invasive Prolactinoma Presenting with Unilateral Exophthalmos in a Patient with MEN1 - Shruti Khare, Chaitanya Yerawar, Anurag Lila, Tushar Bandgar, Nalini Shah"
"Sertraline-Induced Hypoglycemia in Type 2 Diabetes Patients - David Ni, Shikha G. Khosla, Eric S. Nylen"
"Lipoprotein-X in a Patient with Lymphoplasmacytic Sclerosing Cholangitis: An Unusual Cause of Secondary Hypercholesterolemia - Amy Chow, Vincent A. Rifici, Stephen H. Schneider"
"Resection of Pheochromocytoma in a Patient Requiring Coronary Artery Bypass Grafting: First Things First - Christina Skondra, Matthias Gruber, Uwe Lindner, Manuel Wilbring, ... Jacques W.M. Lenders"
"A Rare Case of Severe Headache and Sudden-Onset Diabetes Insipidus During Pregnancy: Differential Diagnosis and Management of Lymphocytic Hypophysitis - Ji Wei Yang, Barbara Duda, Bi Lan Wo, Marie-Josée Bédard, ... Ariane Godbout"
"Co-Administration of the CYP3A4 Inhibitor Diltiazem Counteracts Mitotane-Induced Clearance of Glucocorticoids and Antihypertensives in a Patient with Adrenocortical Carcinoma - Isao Minami, Takanobu Yoshimoto, Kazutaka Tsujimoto, Keiko Homma, ... Yoshihiro Ogawa"
"A Patient with Newly Diagnosed Diabetes Presenting with Sino-Orbital Mucormycosis - Shira R. Saul, Sandra Aleksic, Michael Magnotti"
"Pneumocystis jirovecii Pneumonia Associated with Systemic Glucocorticoids in the Treatment of Type 2 Amiodarone-Induced Thyrotoxicosis - Mark Henry Joven, Robert J. Anderson"
"A Woman and Her Father with Calcium-Sensing Receptor Mutation and Autosomal Dominant Hypocalcemia - Bhisit Changcharoen, Megan Motosue, Lisa Wong, Richard Arakaki"
"Psychological Stress and Soft-Tissue Manifestations of Graves Disease: A Potential Link? - Christian M. Girgis, Bernard L. Champion, Jack R. Wall"
"Thyrotoxic Periodic Paralysis: Eight Cases in Males of Hispanic Origin from a Single Hospital - Ambika Amblee, Swathi Gulati"
"The H Syndrome: Molecular Diagnosis Using Next-Generation Sequencing - Mahesh Doddabelavangala Mruthyunjaya, Aaron Chapla, Sahana Shetty, Asha Hesarghatta Shyamasunder, ... Nihal Thomas"
"Malignant Primary Paraganglioma of the Thyroid Gland: The First Reported Case - David Reznick, Joe Scharpf, Krupa Doshi, Allan Siperstein, ... Jamie Mitchell"
Lipoprotein-X in a Patient with Lymphoplasmacytic Sclerosing Cholangitis: An Unusual Cause of Secondary Hypercholesterolemia - Donald A. Smith
Pheochromocytoma Resection: The Rule of Surgical Divergence - Karel Pacak
"Endocrine Focus on H Syndrome - Vered Molho-Pessach, Abraham Zlotogorski"
