JurnalList
"An Unusual Case of Rickets and How Whole Exome Sequencing Helped to Correct a Diagnosis - Patricia R. Peter, Catherine A. Brownstein, Gang-Qing Yao, Elizabeth A. Olear, ... Karl L. Insogna"
"Malignant Thyroid Teratoma - Ameet K. Grewal, Leonard Wartofsky, Dhruv Kumar, Stanley H. Chia"
"Tumor-induced Osteomalacia Due to Phosphaturic Mesenchymal Tumor, Mixed Cell Type, of the Sphenoid Bone - C.V. Harinarayan, Swaroop Gopal, Chandrashekar Puttaswamygowda, Khalida Parveen Adnan, ... Prashant Gr"
TSH-Free Thyroxine Discordance in an Athyreotic Patient During Ipiluminab and Nivoluminab Therapy - Jacqueline Jonklaas
"Management of Hyperglycemia in a Patient with Acromegaly Treated with Pasireotide LAR: A Case Study - Murray B. Gordon, Kellie L. Spiller"
"Glycemic Assessment in a Patient with HB Leiden and Type 2 Diabetes - Richard F. Arakaki, Bhisit Changcharoen"
"Four Cases of Hypovolemic Renin-Aldosterone Axis Deficiency Without Hyperkalemia Following Unilateral Adrenalectomy for Primary Aldosteronism - Marion Vallet, Alexandre Martin, Eric Huyghe, Jacques Amar, ... Breacuteatrice Bouhanick"
"Retroperitoneal Fat Necrosis in a Patient with Extensive Weight Loss After Adrenalectomy for ACTH-Independent Cushing Syndrome: A Case Report and Review of the Literature - Ambika Amblee, Malini Ganesh"
"Reversible Heart Failure as a Result of Newly Diagnosed Primary Adrenal Insufficiency - Kristen A. Hyland, Daniel S. Altman, Jennifer M. Perkins"
"Metastatic Papillary Thyroid Carcinoma Arising from Thyroglossal Duct Cysts - Ethem Turgay Cerit, Özlem Turhan İyidir, Çiğdem Özkan, Ceyla Konca Değertekin, ... Metin Arslan"
"Attenuated Phenotype in a Patient with Prader-Willi Syndrome and Duplication 16P11.2 Detected by Chromosomal Microarray - Vidit Bhargava, Sally S. Robinson, Fadeke T. Adewole, Phillip D.K. Lee"
"Biochemically Silent Pheochromocytoma Presenting with Hypertensive Crisis During Surgery - Namita Gupta, Kaitlin Brau, Aaron Sasson, Whitney Goldner"
"Management of Severe Cushing Syndrome Induced by Adrenocortical Carcinoma with Abiraterone Acetate: A Case Report - Mélanie Claps, Barbara Lazzari, Salvatore. Grisanti, Vittorio Ferrari, ... Alfredo Berruti"
"Insulinoma in a Patient with Type 2 Diabetes: A Case Report - Susana Garrido, Ana Amado, Francisca Costa, Paulo Soares, ... Cláudia Amaral"
"Insulin Glargine Dosing Every 16 Hours for a Complicated Type I Diabetes Case - Khaled A. Alswat, Amal M. Khan"
"The Endocrinopathies of Male Anorexia Nervosa: Case Series - Aren Skolnick, Rifka C. Schulman, Rodolfo J. Galindo, Jeffrey I. Mechanick"
"Proton Pump Inhibitor–induced Hyperhidrosis: Important but Not Recognized - David A. Baidal, Jeffrey R. Garber"
"Metastatic Embryonal Cell Carcinoma with High Testosterone and Absence of Secondary Sexual Characteristics - Kadapalakere Reddy, Kaushik Chatterjee, Sartaj Sandhu, Nitesh D. Kuhadiya, Paresh Dandona"
"Unreliable Fingerstick Glucose Measurement in Systemic Sclerosis - Salam Kadhem, Rawaa Ebrahem, Brittany Ahmed, Rami Mortada"
"High-Dose Biotin Treatment for Secondary Progressive Multiple Sclerosis May Interfere with Thyroid Assays - Alissa Minkovsky, Mark N. Lee, Mitra Dowlatshahi, Trevor E. Angell, ... Whitney W. Woodmansee"
Effects of Somatostatin Analogues on Glucose Metabolism in Acromegaly: Friend of Foe? - Corin Badiu
Commentary on “Proton Pump Inhibitor–induced Hyperhidrosis: Important but Not Recognized” - Paul Wilson
When are HBA1C Values Misleading? - Richard Hellman
Author and Title Index - 
Subject Index - 
