JurnalList
"Functional Imaging Experience in a Germline Fumarate Hydratase Mutation–Positive Patient With Pheochromocytoma and Paraganglioma - Joan Nambuba, Roland Därr, Ingo Janssen, Petra Bullova, ... Karel Pacak"
"Transient Primary Hyperparathyroidism: A Case Report - Vanessa Mewani, Sudeep Dhillon, Xinjiang Cai, Xiangbing Wang"
"The 24-Hour Urinary 5-HIAA: A Simple Test With a Common Pitfall - Margaret L. Burks, Shichun Bao"
Management of Acromegaly With Pasireotide LAR: A Case Study of Sustained Biochemical Control and Tumor Volume Reduction Without Worsening of Glycemia - Kevin C.J. Yuen
"A Case of Nonalcoholic Steatohepatitis in a Cured Acromegalic Patient With Severe Growth Hormone Deficiency - Satoshi Yamagata, Kazunori Kageyama, Shingo Murasawa, Ken Tomotsune, ... Yoshiji Ogawa"
"A Case of Tuberculous Addison Disease With Recurrent Nontuberculous Pericarditis - Junko Kawahara, You Shinozaki, Hiroyuki Takata, Shouji Katsuta, ... Yoshio Hiraiwa"
"A Novel Androgen Receptor Gene Mutation in a 46,XY Patient: Complete Androgen Insensitivity Syndrome - Hale Tuhan, Ayhan Abaci, Ayca Aykut, Ahmet Anik, ... Ece Bober"
"Cardiogenic Shock: An Initial Presentation of Primary Adrenal Insufficiency - Sheela Lohiya, Santosh Subramanyam, Fernando Ovalle"
"Methimazole-Induced Concomitant Agranulocytosis and Cholestasis in a Young Female - Ayokunle T. Abegunde, Milli Jain, Ambika Amblee"
"An Unusual Presentation of Paraganglioma of the Bladder Presenting With Hypertensive Crisis During Micturition - Shalini Bhat, David Geffner"
"Thyrotoxicosis With Development of Wernicke Encephalopathy in an Adolescent - Asma Deeb, Sadeq Qadry, Ayesha Al Memari, Ahmed Shatila, ... Hamza Al Sayouf"
"Parathyroid Cancer Cases: A Single Center's Experience - Sara J. Healy, Kyaw K. Soe"
"Recurrent Painless Thyroiditis With Sequential Thyrotoxicosis and Hypothyroidism After 2 Courses of Lenalidomide - Wasim A. Samara, Shimon Harary, Margaret L. Burks, Shichun Bao"
"Third-Trimester Intraplacental Choriocarcinoma Presenting With Respiratory Failure and Hyperthyroidism - Maria Laarni L. Subang, Manige Konig, Paul N. Staats, Elizabeth M. Lamos, ... Rana Malek"
"Spindle Cell Oncocytoma of the Pituitary Presenting With Severe Hyponatremia - Paul Jerome P. Custodio, David H. Jho, Cunfeng Pu, Murray B. Gordon, Ines Donangelo"
"Hereditary X-Linked Hypophosphatemia and Thoracic Myelopathy - George Forrest, John German, Anthony Giuffrida, Mary Luidens, John Dowling"
"Metastatic Insulinoma in a 16-Year-Old Adolescent Male With Men-1: A Case Report and Review of the Literature - Ayse Pinar Cemeroglu, Michael S. Racine, Lora Kleis, Heather Borders, Beth A. Kurt"
"Epithelioid Angiomyolipoma in a Patient With Li-Fraumeni Syndrome: Rare Pathologic Diagnosis - Sina Jasim, Pheroze Tamboli, Soo-Chin Lee, Louise C. Strong, ... Mouhammed Amir Habra"
"Type B Insulin Resistance: A Rare Type of Diabetes Mellitus - Glynda Caga-anan, Iris DeCastro, Jeffrey T. Bates, Morali Divatia Sharma"
"Long-Term Prevention of Hypoglycemia by Conservatively Managed Insulin Autoimmune Syndrome - Carl Peters, Kingsley Nirmalaraj"
"Persistent Hyperkalemia Status Postadrenalectomy for Primary Aldosteronism - Kristen A. Hyland, Jennifer M. Perkins"
"Obsessive-Compulsive Disorder Presenting as Gender Dysphoria/Gender Incongruence: A Case Report and Literature Review - Debra L. Safer, Kim D. Bullock, Joshua D. Safer"
Thyroid Complications of Cancer Therapy: An Increasing Challenge - Ole-Petter Hamnvik
"Other Antibodies Resulting in Diabetes Mellitus: Type B Insulin Resistance and Insulin Autoimmune Syndrome - Elaine Cochran, Rebecca J. Brown, Phillip Gorden"
"Transgender Anxiety, Cultural Issues, and Cannabis in Obsessive-Compulsive Disorder - Monnica T. Williams, Terence H.W. Ching"
