JurnalList
"GLP-1 Agonist Use in a Patient With an Explainable Cause of Pancreatitis - Sean M. Brady, Michael P. Kane, Robert S. Busch"
"Unusual Papillary Thyroid Cancer Metastases to Kidney and Pharynx: A Case Report - Chih Hao Chen-Ku, Berny Roldán"
"Carotid Body Paraganglioma With an SDHD Gene Mutation: The Need For Genetic Testing - Kalyan C. Potu, Brandy R. Pownell, Kashif A. Shaikh, Vishal Bhatia"
"Addition of Lithium to Radioactive Iodine Treatment With Improved Response in a Woman With Progressive Papillary Thyroid Carcinoma - Maríadel Mar Navarro-Pelayo Láinez, Maria Angustias Muros de Fuentes, Martín López de la Torre Casares, José Manuel Llamas Elvira"
"Symptomatic Syndrome of Inappropriate Antidiuretic Hormone Secretion in Pituitary Apoplexy: A Case Report and Literature Review - Elizabeth A. McAninch, Brian W. Kim"
"Orbital Pseudotumor in a Patient Treated With Zoledronic Acid: A Case Report and Pertinent Literature Review - Ekaterina Manuylova, Nancy Clark, Ismat Shafiq"
"A Case of Acute Suppurative Thyroiditis Accompanied by Transient Abducens Nerve Palsy - Kazunori Kageyama, Yutaka Watanuki, Ken Terui, Katsumi Endo, Makoto Daimon"
"Development of Abnormal Pigmentation of the Oral Mucosa Following Adjuvant Radioactive Iodine Treatment - Mia Williams, Betul Hatipoglu"
"Childhood Onset of Sulfonylurea Responsive Neonatal Diabetes Due to a Novel Homozygous Autosomal Recessive Mutation in the ABCC8 Gene which was Presumed to be Type 1B Diabetes Before Genetic Analysis - Shareque T. Shaikh, Swati S. Jadhav, Vyankatesh K. Shivane, Anurag R. Lila, ... Nalini S. Shah"
"Insulin Glargine and Insulin Aspart Overdose With Pharmacokinetic Analysis - Christian C.K. Kim, Thomas G. Rosano, Erin E. Chambers, Manjunath P. Pai, James Desemone"
"A 78-Year-Old Infertile Man Presented With Sepsis and Abdominal and Pelvic Masses, A Rare Case of Congenital Adrenal Hyperplasia - Jamil B. Alkhaddo, Ameer Khowaja, Asad Saeed, Katherine Cotter, ... James Redmon"
Normal-Pressure Hydrocephalus Accompanied by a Syndrome of Inappropriate ADH Secretion: Differential Diagnosis of Hyponatremia - Samuel T. Olatunbosun
"Postmenopausal Hyperandrogenism in a Patient With an Adrenal Adenoma: How Should We Approach It? - Lilian C. Mendoza-Mathison, M. Fernanda Rabasa, Cintia González, Antonio Pérez"
"A Novel Association Between Pituitary Tumor Apoplexy and Influenza A - Tariq Yousuf, Lima Lawrence, Anne Bacal, Armand Krikorian"
"Double Trouble: A Case of Primary Hyperparathyroidism and Humoral Hypercalcemia of Malignancy Secondary to Epithelioid Angiosarcoma Occurring in a Single Patient - Thomas J. Jensen, Cecilia C. Low Wang"
"A Rare Case of Bilateral Benign Androgen-Producing Large Adrenocorical Adenomas - Abdulaziz Alwosaibei, Wadei Elhakimi, Jamal Alsaeed, Mohammed Alqambar, ... Mohammad M. Yousef"
"Variable Thyroid-Stimulating Hormone Dynamics in ‘Silent’ Thyrotroph Adenomas - Nigel Glynn, Anne Marie Hannon, Michael Farrell, Francesca Brett, ... Amar Agha"
"Subacute Thyroiditis Revealing a Pheochromocytoma - Anna Furmaniuk, Lea Demarquet, Marc Klein, Georges Weryha, Eva Feigerlova"
"Concurrent Panhypopituitarism and Hyperprolactinemia Due to a Giant Internal Carotid Aneurysm Revealed by Thyroid Hormone Withdrawal During Follow-Up Management of Thyroid Cancer - Michael H. Goldman, Alison T. Gruber, Marc A. Herman"
"Betel Nut Chewing: An Unrecognized Cause of Milk Alkali Syndrome - Lavanya N. Sendos, Idrees M. Mian, Neel L. Shah"
