JurnalList
"Editorial for July/August Issue of AACE Clinical Case Reports - Sina Jasim, Janet B. McGill"
"ABCC8-Related Monogenic Diabetes Presenting Like Type 1 Diabetes in an Adolescent - Alexandra E. Grier, Janet B. McGill, Sandra M. Lord, Cate Speake, ... Irl B. Hirsch"
"Pancreatitis in a 57-Year-Old Female Two Weeks After Initiation of Empagliflozin - Alekya Poloju, Priyanka Majety, Anna Groysman"
"Diabetes Mellitus Type 1 Presenting in the Setting of Diabetic Ketoacidosis and Acute SARS-CoV-2 Infection in Pregnancy - George A. Stamatiades, Francesca Galbiati, Alison Conway Fitzgerald, Marie E. McDonnell, ... Nadine E. Palermo"
"MODY5 and Serous Ovarian Carcinoma in 17q12 Recurrent Deletion Syndrome - Aswathi Kumar, Laura Hollar, Janet B. McGill, Premal H. Thaker, Maamoun Salam"
"Diabetic Ketoacidosis in a Patient With Type I Diabetes Treated With a Closed-Loop Sensor–Augmented Insulin Infusion System - Pranjali P. Sharma, Ana M. Ramirez-Berlioz, Angela D. Weisz"
"A Very Rare Case of Diabetes Mellitus Occurring in a Patient With Hyperinsulinism Hyperammonemia Syndrome - FNU Komal, Omolola Olajide"
"Wolfram Syndrome 1 in Two Brothers Treated with Insulin Pump - Manuela Cardona, Alejandro Ardila, Juan D. Gómez, Alejandro Román-González"
"Tirzepatide Therapy in a Patient with Type 2 Diabetes Mellitus, Chylomicronemia, and Heterozygosity for Lipoprotein Lipase Deficiency - Stephan Paul Babirak"
"Hyperglycemia Associated With Raynaud Phenomenon and Liver Dysfunction After COVID-19 Vaccination in Type 1 Diabetes Mellitus - Zhanna Zavgorodneva, Calvin Jialin Zhang, Maksym Bondiuk, Tooraj Zahedi"
"Emphysematous Kidney Related to the Use of Empagliflozin in a Diabetic Woman - Pablo Echeverria, Julia Saa, Luis D. Paz y Miño"
