JurnalList
Editorial for September/October Issue of AACE Clinical Case Reports - Sina Jasim
"Elevated Serum Androstenedione Level in a Patient With Ectopic Adrenocorticotropic Hormone Syndrome - Sherry Zhang, Joan C. Lo, Marc G. Jaffe, Hasmik Arzumanyan"
"Autoimmune Hypoglycemia With Anti-Insulin Autoantibodies in an Eighty-One-Year-Old Woman Without Apparent Risk Factors - Vikash Kumar, Dhir Gala, Ibnul Rafi, Mili Shah, ... Saka Kazeem"
"Hypertensive Crisis in a Patient With a Functioning Mesenteric Paraganglioma: Dramatic Response to Octreotide Treatment - Omayma T. Elshafie, Abir C. Bou Khalil, Maha A. Alshaibi, Boris L. Itkin, ... Nicholas J. Woodhouse"
"Alterations in SAMD9, AHSG, FRG2C, and FGFR4 Genes in a Case of Late-Onset Massive Tumoral Calcinosis - Melvin Khee Shing Leow, Joshur Ang, Xinyan Bi, Ee Tzun Koh, Craig McFarlane"
"Amelioration of Paget Disease of Bone After Denosumab for Osteopenia - Vijayvardhan Kamalumpundi, Elham Shams, Maisoon Torfah, Marcelo L. Correia"
"Reduced Tumor Size of Untreated Papillary Thyroid Carcinoma After Immune Checkpoint Inhibitor–Induced Thyroiditis - Dennis H. Chen, Heinz-Josef Lenz, Melissa G. Lechner, Trevor E. Angell"
"Pituitary Stalk Duplication: A Radiological Surprise in a Child With Short Stature - Surapaneni Lakshmi Sravya, Jayshree Swain, Jaya Bhanu Kanwar, Abhay Kumar Sahoo, ... Kasukurti Lavanya"
"Rapid-Acting Insulin Used to Treat a Case of Early Cystic Fibrosis–Related Diabetes Complicated by Post Prandial Hypoglycemia - Tamar Wolinsky, Barbara Simon"
"Rare Neurologic Presentation of Thyrotoxicosis - Kalkidan Alachew, Keberte Tsegaye"
"Familial Hyperphosphatemic Tumoral Calcinosis - Mohammad Saifuddin, Indrajit Prasad, Mirza Sharifuzzaman, Moinul Islam, Mobarak Hossain"
"Rash in a Patient With New-Onset Type 1 Diabetes Mellitus - Amr Wahba, Amie Ogunsakin"
