JurnalList
Editorial for November/December Issue of AACE Clinical Case Reports - Sina Jasim
"The Use of Ovarian Vein Sampling to Lateralize a Virilizing Leydig Cell Ovarian Tumor - Kirun Baweja, Shirley Shuster, Sara Awad"
"A Middle-aged Woman With Recurrent Intrathyroidal Parathyroid Cyst Treated With Ethanol Sclerotherapy - Paula Lorena Castellanos Sanchez, Ana Maria Chindris, Ricardo Paz-Fumagalli, Safana Ismail, Victor Joseph Bernet"
"Primary Adrenal Insufficiency due to Cryptococcus With Persistent Adrenal Enlargement and Insufficiency - Catherine E. Price, Cynthia Burns, Joseph A. Aloi"
"Clinical Progression of a Paraganglioma Over Many Years in a Man With Congenital Heart Disease - Megan M. McConnell, Maralee R. Kanin, Martin S. Auerbach, Run Yu"
Sellar Mass in 2 Patients With Acute-Onset Headache and Visual Symptoms: Not Your Usual Pituitary Adenoma - Run Yu
"Two Transgender Men Receiving Subdermal Testosterone Pellets for Gender Affirmation - Sune L. Wolf Pulsiano, Jenna L. Sarvaideo"
"Encephalopathy of Autoimmune Origin: Steroid-Responsive Encephalopathy With Associated Thyroiditis - Bharadwaj Adithya-Sateesh, Nicole Gousy, Gurdeep Gogna, Girma Moges Ayele, ... Kashif M. Munir"
"Osteoporosis Improved by Romosozumab Therapy in a Patient With Type I Osteogenesis Imperfecta - Antara Dattagupta, Steven Petak"
"Atypical Femur Fracture Unmasking Follicular Thyroid Cancer in a 54-year-old Woman - Jennifer S. Hatfield, Peter N. Bonneau, Mohamed K.M. Shakir, Thanh D. Hoang"
