JurnalList
Editorial for March/April Issue of AACE Clinical Case Reports - Sina Jasim
"Adrenal Crisis as An Adverse Reaction to Zoledronic Acid in a Patient With Primary Adrenal Insufficiency: A Case Report and Literature Review - Bryan Kuo, Alison Koransky, Cherie Lisa Vaz Wicks"
"Hypercholesterolemia After COVID-19: Time to Include Lipoprotein X Among the Differential Diagnoses - Jennifer Girard, Courtney Wagner, Sujan Ravi, Monica Agarwal, Fernando Bril"
"Internal Carotid Artery Aneurysm Mimicking a Pituitary Adenoma: A Case Report and Review of the Literature - Hiba Z. Hashmi, Sindhura Inkollu, Deeptanshu Jain, Ramachandra Tummala, ... Tasma Harindhanavudhi"
"Thyroid Mucosa-associated Lymphoid Tissue Lymphoma Presenting as Intermediate-risk Thyroid Nodule with Positive KRAS Mutation - Nipith Charoenngam, Mehmet Sercan Marangoz, Simon Lamothe, Benjamin C. James"
"Testicular Adrenal Rest Tumor - Reza Pishdad, Nestoras Mathioudakis"
"Spontaneous Near-Resolution of a Rathke’s Cleft Cyst - Cagney Cristancho, Jhansi Maradana, Vaishali D. Kapare, David Choi, Mira S. Torres"
"46, XY 5-Alpha Reductase Deficiency in a 36-Year-Old Phenotypic Female Patient - James R. Huynh, Brendan K. Bowens, David P. LaChance, Thanh D. Hoang"
"Atypical Abdominal Lump in a Patient With Diabetes - Felona Gunawan, Andrew Quinn"
"Lower Extremity Edema and Lesions Not Responsive to Conservative Therapy - Rebecca M. Berrum, Rozalina G. McCoy"
Erratum - 
