JurnalList
Editorial for January/February Issue of AACE Clinical Case Reports - Sina Jasim
"Hypertension and Severe Hypokalemia Associated With Oral Ingestion of Topical Hydrocortisone Cream - Arunava Saha, Suryanarayanan Balakrishnan, Nitin Trivedi, George M. Abraham"
"Co-occurrence of Functional Gonadotroph Adenoma and Lactotroph Adenoma: A Case Report and Literature Review - Mohammad T. Ullah, M. Beatriz S. Lopes, John A. Jane, Gregory K. Hong, Kaitlin M. Love"
"Adrenal Liposarcoma: A Novel Presentation of Multiple Endocrine Neoplasia Type 1 - Teodor Duro, Kristen L. Gonzales"
"Multiple Acyl-Coenzyme A Dehydrogenase Deficiency Leading to Severe Metabolic Acidosis in a Young Adult - Karthik Subbu, Clara Hildebrandt, Donald Caraccio"
"A Rare Case: Adrenal Corticomedullary Mixed Tumor With Elements of Pheochromocytoma, Cortical Adenoma, and Ganglioneuroma Cells - Erica Patel, Yufei Chen, Xuemo Fan, Ning-Ai Liu, ... Artak Labadzhyan"
"Involuntary Movements During Treatment for Hyperglycemia - Yuya Ando, Masato Kadoya, Tsutomu Kodera"
"Marine-Lenhart Syndrome: A Rare Presentation of Thyroid Disease - Oyiyechukwu Onwudiwe, Huong Nguyen"
"Abdominal Pain, Progressive Weakness, and Weight Loss in an 83-Year-Old Man - Kevin F. Brown, Jacob M. Dear, Mohamed K.M. Shakir, Thanh D. Hoang"
"Histopathologic Differences Between Adrenocorticotropic Hormone–Dependent and Adrenocorticotropic Hormone–Independent Adrenal Hyperplasia Causing Cushing Syndrome - Reza Pishdad, Ezra Baraban, Lilah Morris-Wiseman, Stanley M. Chen Cardenas, ... Amir H. Hamrahian"
