JurnalList
Editorial for May/June Issue of AACE Clinical Case Reports - Sina Jasim
"Resistance to Thyroid Hormone Beta in a Patient Born to a Mother With Undiagnosed Graves’ Disease - Sujatha Seetharaman, Jose Bernardo Quintos, Federico Salas-Lucia"
"Usefulness of Functional Thyroid-Stimulating and Thyroid-Blocking Immunoglobulin Bioassays in an Atypical Presentation of Graves’ Disease - Julie Sherfan, Navira Samad, Albert Hsieh, David Sullivan, Peter J. Fuller"
"A Delayed Presentation of Bilateral Adrenal Hemorrhage Secondary to COVID-19 - Stephanie Zilberman, Laura Winner, Judith Giunta, Daniel C. Rafii"
"Normal Adult Height in an Untreated Boy With McCune-Albright Syndrome Presenting With Precocious Puberty - Ugen Lhamu, Sabitha Sasidharan Pillai, Anna Delamerced, Jose Bernardo Quintos"
"Adrenocortical Carcinoma With Cushing’s Syndrome and Hyperandrogenism in a 28-Year-Old Pregnant Female - Michael John Marino, Sara Markley Webster"
"Pellagra Post–Roux-en-Y Gastric Bypass Surgery - Shreyas Shirodkar, Jonathan Shakesprere, Ramsha Shafiq, Adnan Haider"
"A Case of Severe Neonatal Hypocalcemia Treated With Continuous Enteral Calcium - Julia R. Donner, Avani Ganta, Lee Polikoff, Linda Snelling, Monica Serrano-Gonzalez"
A Yet Unrecognized Cause of Unusually High Levothyroxine Replacement Dose: Protein-Losing Enteropathy - Run Yu
"Chronic Pancreatitis Associated With a Variant of CFTR Gene Treated With Total Pancreatectomy and Autologous Islet Cell Transplantation - Shubham Agarwal, Ildiko Lingvay, Sasan Mirfakhraee, Raksha Jain"
"NP-59 Scintigraphy for Primary Aldosteronism Lateralization in a Patient With Polycystic Kidney Disease - Matan Fischer, Eyal Alan Rosenbach, Benjamin Glaser, Joshua Stokar"
