JurnalList
"Type A Aortic Dissection, Apparent Mineralocorticoid Excess Syndrome, and Syndromic Aortic Root Dilatation - Melanie Richard, Pallav Shah, Pam Katz, Karin Love, ... Cheryl Rockman-Greenberg"
"CSF Rhinorrhea: An Early Complication of Dopamine-Sensitive Macroprolactinoma - Amitha Padmanabhuni, Rachel Hopkins, Lawrence Chin, Ruban Dhaliwal"
"An Unusual Patient with Hashimoto Thyroiditis, Features of Steroid-Responsive Encephalopathy Associated with Autoimmune Thyroiditis, and Concurrent Minimal Change Renal Disease - Sandra Aleksic, Hanna Oh, Kalpesh G. Patel, Roopa Roy, ... Joshua M. Kaplan"
"A Rare Case of Hypercalcemic Crisis Secondary to a Squamous Cell Carcinoma Arising from a Nonhealing Ulcer - Muhammad A. Saeed, Geny Ann George, Sigfred Lajara, Bennal Perkins, Colette M. Knight"
"The Diverse Clinical Presentations of Adrenal Lymphoma - Awais Masood, Anna Tumyan, Daniel R. Nussenzveig, Dara N. Wakefield, ... Naim M. Maalouf"
"Phosphaturic Mesenchymal Tumor: A Rare Cause of Severe Osteomalacia and Debilitation in A 44-YEAR-OLD Man - Jonathan Chan, Christine James, Kokab Darbandi, David Burch, ... Jennifer Cheng"
"Calcitonin-Secreting Pancreatic Neuroendocrine Tumor in a Patient with Multiple Endocrine Neoplasia Type 1 - Umer A. Ansari, Christine L. Ramirez, Eric C. Feliberti, Aaron I. Vinik, Roger R. Perry"
"17-α-Hydroxylase Deficiency Due to P.R362C Mutation in two Sisters From India - Ajitesh Roy, Rana Bhattacharjee, Soumik Goswami, Partha P. Chakraborty, ... Subhankar Chowdhury"
"Newly Diagnosed Carney Complex in 3 Young Adults with Primary Adrenal Cushing Syndrome – A Case Series and Review of the Literature - Charalampos Lyssikatos, Praveen V. Pavithran, Amit Tirosh, Fabio R. Faucz, ... Constantine A. Stratakis"
"Diabetic Ketoacidosis in A Patient with Type 2 Diabetes On Canagliflozin and Dexamethasone - Lisa D. Alexander, Catherine Yu"
"Post–Gastric Bypass Hypoglycemia in a Patient with End-Stage Renal Disease - Daniel S. Gutman, Yuval Eisenberg"
"Pregnancy and Autoimmune Thyroid Disease: Alternating Between Hypothyroidism and Hyperthyroidism And The Role of Thyrotropin-Receptor Antibodies - Sara Awad, Heidi Dutton, Julie Shaw, Erin Keely"
"Mediastinal Parathyroid Adenoma Mimicking Cancer Metastatic to Bone - Ping Yu Xiong, Joshua Lakoff, Robyn L. Houlden"
"Protection of Bone Density in Sarcoidosis: Can we Give Vitamin D without Causing Hypercalcemia? - Asha P. Robertson, Ari Weinreb, Jane E. Weinreb"
"Autoimmune Polyglandular Syndrome Type II as a Cause of Recurrent Cardiac Tamponade - Keon Min Park, Perihan Dimachkie, Ugis Gruntmanis"
"Unduly Enhanced Response to Tolvaptan in a Woman Showing Syndrome of Inappropriate Antidiuretic Hormone Secretion: An Investigation of Possible Causes - Marco Panfili, Geppo Sartori, Davide Lanzellotti, Marta Martin, Roberto Padrini"
"Familial Hypocalciuric Hypercalcemia and Benefits of Genetic Confirmation: A Case Report and Review - Respina Jalilian, Mehran Jalilzadeh Binazar, Lubna Mirza"
"Refractory Hypoglycemia from Paraneoplastic Insulin-Like growth Factor 2 Secretion in A Patient with Hepatocellular Carcinoma - Stephanie Behringer-Massera, Erika F. Brutsaert, Eric J. Epstein"
"Normalization of Hypercalcemia Following Successful Treatment of Bilateral Pheochromocytomas Due to A MAX Gene Mutation - Thomas Edward Manning, Kyra Shirley Frances Innes-Jones, Fenella Jane Devereux, Patrick John Manning"
"Diffuse Symmetrical Lipomatosis: A Case Report Depicting the Potential for Severity - Maura Bucciarelli, Chris Fan"
"Epithelioid Angiosarcoma of the Thyroid Associated with Multinodular Goiter, Graves Disease, and Papillary Thyroid Carcinoma - Megan R. Crawford, Eren Berber, A. Valeria Arrossi, Georgiana Dobri"
"Parathyroid Adenoma of the Piriform Sinus: Case Series, Embryologic Basis, and Review of the Literature - Samuel N. Helman, Sami P. Moubayed, Bryan T. Ho, Corina Din-Lovinescu, Mark L. Urken"
The Dark Side of Dopamine Agonist Therapy in Prolactinoma Management - Sonia Ananthakrishnan
"Bariatric Endocrinology, Adiposopathy, and Disorders of Regional Fat Distribution - J. Michael González-Campoy"
Author and Title Index - 
Subject Index - 
