JurnalList
"Unilateral Exophthalmos Due To Metastasis Of Poorly Differentiated Thyroid Carcinoma To The Left Sphenoid Wing With Intra-Orbital Extension - Jill B. Feffer, Gianina L. Usera, Rifka C. Schulman"
"Mayer-Rokitansky-Küster-Hauser Syndrome In A Young Woman - Muhammad Shoaib Zaidi, Asim Hassan, Ebtehal Almogbel"
"Autoimmune Polyendocrine Syndrome Type 1: A Rare Case Report And Review Of The Literature - Imran Sarker, Mohammad Bahadur Ali Miah, Mohammad Abdul Hannan, Nusrat Sultana, Mohammed Fariduddin"
"Supraglottic Myxedema: Two Cases And A Review Of The Literature - Silvia R. Salgado Nunez Del Prado, Rachel A. Steinman, Kashif M. Munir, Elizabeth M. Lamos"
"Intravascular Large B-Cell Lymphoma Presenting As Thyroid, Adrenal And Mesenteric Nodules - Priya H. Dedhia, Kerri Lopez, Anupama Reddy, Jonathan B. McHugh, ... Barbra S. Miller"
"Erdheim-Chester Disease: Case Report With Multisystemic Involvement, Including Diabetes Insipidus And Hypogonadism - María Soledad Librizzi, Lucas Arroyave, Elena García, Alicia Serraclara, ... Federico Hawkins"
"Denosumab Use For Severe Hypercalcemia In A Man With End-Stage Renal Disease On Hemodialysis - Samyak Manandhar, Karen L. Selk, Sandra I. Sobel"
"Acromegaly Occurring In A Patient With A Pituitary Adenoma, Lymphocytic Hypophysitis, And A Rathke Cleft Cyst - Anupa Sharma, Eric K.Richfield, Sara E. Lubitz"
"Autoimmune Polyglandular Syndrome Type 2 In A Patient With Peripartum Cardiomyopathy - Daniel C. Rafii, Patricia Park, Christine A. Resta"
"A Case Of Cystic Pheochromocytoma With Hypertension And Headaches Mimicking A Large Pancreatic Cystic Tumor - Satoshi Yamagata, Kazunori Kageyama, Ayami Nomura, Shingo Murasawa, ... Yoshiji Ogawa"
"A Novel Mutation Causing Complete Thyroid Binding Globulin Deficiency (Tbg-Cd Mia) In A Male With Coexisting Graves Disease - Hara Rosen Berger, Matthew K. Creech, Zeina Hannoush, Yui Watanabe, ... Roy E. Weiss"
"Horner Syndrome After Percutaneous Ethanol Injection For Treatment Of Metastatic Papillary Thyroid Carcinoma: Case Report And Review Of The Literature - Sara Hussain Ahmed, Jeffrey Alan Sanfield, John E. Freitas"
"Sigmoid Volvulus In Myxedema Megacolon - Henry Zelada, Miluska Huachin, Jaime Villena"
"Glucocorticoids And Cornstarch Therapy For Non–Islet Cell Tumor Hypoglycemia: A Case Report - Vidya M. Aluri, Brad R. Julius, Jennifer O. Langstengel, Mia L. Fronteras, William I. Sivitz"
"Progression To Insulin Dependence Post-Treatment With Immune Checkpoint Inhibitors In Pre-Existing Type 2 Diabetes - Lorena Alarcon-Casas Wright, Rebeca Vargas Ramon, Zona Batacchi, Irl B. Hirsch"
"Putative Infundibular And Pituitary Involvements Of Sapho Syndrome - Takao Ando, Keita Nakaji, Junya Akeshima, Masataka Umeda, ... Atsushi Kawakami"
"De Novo Development Of A Cortisol-Producing Adrenocortical Carcinoma In A Patient With Primary Adrenal Insufficiency - Maryam I. Khan, Steven G. Waguespack, Thomas A. Aloia, Elizabeth G. Grubbs, Mouhammed Amir Habra"
"Microcephalic (Majewski) Osteodysplastic Primordial Dwarfism Type Ii With Severe Hyperandrogenism - Zareen Kiran, Saira Furqan, Saad Farooq, Owais Rashid"
"Pheochromocytomatosis Treated By Radio-Guided Surgery - Mahsa Javid, Glenda G. Callender, Naira Baregamian, Tobias Carling"
"Radioiodine Treatment For Hyperthyroidism In A Patient With Pendred Syndrome - Tetsuya Mizokami, Akira Hishinuma, Takahiko Kogai, Katsuhiko Hamada, ... Junichi Tajiri"
Pheochromocytoma: A Clinical Enigma - Christopher R. McHenry
