JurnalList
"Forty Years Of Unrecognized Hypopituitarism Diagnosed By Physical Exam - Victoria R. Hudspeth, William A. Fischer, George S. DeCherney"
"Insulin Aspart–Induced Lipoatrophy Treated Successfully With Glucocorticoid Injection - Arijit Singha, Ranajit Bari, Rana Bhattacharjee, Sudipta Saha, ... Subhankar Chowdhury"
"Co-Existent Symptomatic Large Retrosternal Nontoxic Multinodular Goiter With Mediastinal Lipoma - Mark H. Joven, Travis J. McKenzie, Rebecca M. Lindell, K. Robert Shen, ... Hossein Gharib"
"Diabetic Ketoacidosis With Hypertriglyceridemia-Induced Acute Pancreatitis As First Presentation Of Diabetes Mellitus: Report Of Three Cases - Yuchen Wang, Bashar M. Attar, Sara Bedrose, William Trick, ... Leon Fogelfeld"
"When A Toxic Thyroid Makes The Liver Toxic: A Case Of Thyroid Storm Complicated By Acute Liver Failure - Sanna Fatima, Ritika Puri, Soumya Patnaik, Jorge Mora"
"Non-Alpine Thyroid Angiosarcoma After Radiation Exposure: A Case Report - Patrick McCabe, JohnW Bishop, Thomas J. Semrad"
"Nivolumab-Induced Isolated Adrenal Insufficiency: A Case Report - Rebecca Neril, Julie Lorton, Joel Zonszein"
"Williams-Beuren Syndrome With Primary Hyperparathyroidism: A Rare Diagnosis In A Rare Genetic Syndrome - Julie Goswami, Steven P. Hodak, Sally E. Carty, Kelly L. McCoy"
"Gender Reversal And Bilateral Giant Adrenal Myelolipomas In A 46,XX Patient With 21-Hydroxylase Deficiency: Case Report And Review Of The Literature - Gregory P. Westcott, Abdollah Sadeghi-Nejad, Juan Munoz-Pena, Adam Blau, ... Richard D. Siegel"
"An Unusual Etiology Of Hypokalemic Paralysis Secondary To Mineralocorticoid Excess In A Patient With Addison Disease - Adriana M. Rauseo, Fiorella Llanos-Chea, Sonam Jaggi, Tania Jaber, Philip R. Orlander"
"Estrogen-Only–Producing Adrenal Mass As An Overlooked Etiology Of Isosexual Precocious Puberty In Girls: A Case Report And Literature Review - Zahra Haghshenas, Mansour Mollaian, Hooman Alizadeh, Mehdi Alehossein, ... Mojdeh Habibi Zoham"
"Brown Tumors And The Atypical Parathyroid Adenoma - Junao Wang, Paari Murugan, Khalid Amin, Elizabeth Seaquist, Lisa Chow"
"Resolution Of Seasonal Allergies By Testosterone Replacement Therapy In A Hypogonadal Male Patient: A Case Report - Sara Shapouran, Soheila Nourabadi, Luis Chavez, Issac Sachmechi"
"Development Of Type 1 Diabetes After Cancer Immunotherapy - Jennifer B. Hao, Anas Renno, Shahnawaz Imam, Maria Alfonso-Jaume, ... Juan Carlos Jaume"
"Single Dose Of Bisphosphonate To Treat Infantile Hypercalcemia - Neha S. Patel, Thomas O. Carpenter, Myron Genel"
"Haemophilus Influenzae As A Rare Cause Of Acute Suppurative Thyroiditis With Thyrotoxicosis And Thyroid Abscess Formation In A Patient With Pre-Existent Multinodular Goiter - Vicente T. San Martin, Ana M. Kausel, Jeanine B. Albu"
"Glycogenic Hepatopathy: A Complication Of Uncontrolled Diabetes - Medha Satyarengga, Yelena Zubatov, Sylvaine Frances, Gopal Narayanswami, Rodolfo J. Galindo"
"Iron Replacement as A Therapeutic Approach For Renal Phosphate Wasting With Associated Iron Deficiency - Aditi Kumar, Robert A. Wermers, Peter J. Tebben"
"Proliferative Highly Differentiated Follicular Carcinoma Of Ovarian Origin (Hdfco) Presenting Long After Bilateral Oophorectomy - Natalie M. Liu, Neda Moatamed, Racquel S. Bueno, Wendy L. Sacks"
"Malignant Ovarian Steroid Cell Tumor Causing Severe Hyperandrogenism: Case Report And Review Of The Literature - Omalkhaire M. Alshaikh, Stephane Laframboise, Sylvia L. Asa, Blaise Clarke, ... Shereen Ezzat"
"Metastatic Moderately Differentiated Neuroendocrine Carcinoma Of The Larynx Mimicking Medullary Thyroid Cancer - Terry Shin, Thanh D. Hoang, Sharon W. Chi, Vinh Q. Mai, Mohamed K.M. Shakir"
"An Endocrine Picture In Disguise: A Progressive Olfactory Neuroblastoma Complicated With Ectopic Cushing Syndrome - Katrien Clotman, Marcel Twickler, Eveline Dirinck, Jan Van Den Brande, ... Luc Van Gaal"
"Hypoinsulinemic Hypoglycemia Followed By The Onset Of Severe Insulin Resistance With Hyperglycemia And Circulating Anti-Insulin Receptor Antibodies In A Patient Suffering Systemic Lupus Erythematosus: A Case Report And Literature Review - Guillermo Martínez de Pinillos, Mariana Tomé, María M. Viloria, Joaquín Bobillo, María V. Cózar"
The Recognition That Gender Identity Is Biological Complicates Some Previously Settled Clinical Decision Making - Joshua D. Safer
