JurnalList
"Management Of Pediatric Diabetic Ketoacidosis: Does Aggressive Fluid Resuscitation Actually Result In Cerebral Edema? The Case Of A 6-Year-Old With Aggressive Fluid Resuscitation - Stephen Addai, Jason Trachovic"
"A Case Of Postileostomy Hypovolemia Presenting As Pseudohypoaldosteronism With Complete Resolution After Ostomy Reversal - Daniil Niyazov, Hassan Shawa"
"Giant Retroperitoneal Teratoma Associated With Unexpected Postoperative Adrenal Insufficiency: Crh And Acth Secretion From Teratoma? - Tripti Joshi, Phillip Woodford, Kaushik Maiti, Roger Smith, ... Shamasunder Acharya"
"Growth Hormone–Secreting Pituitary Carcinoma Presenting With Isolated Leptomeningeal Involvement: A Challenging Diagnosis - Ravikar Ralph, Riddhi Das Gupta, Ari G. Chacko, Geeta Chacko, Nihal Thomas"
"Severe Insulin Resistance Due To C.576CG (P.I119M) Mutation In The Insr Gene: Case Report - Raya A. Almazrouei, Juma Alkaabi, Fatima M. Alkaabi, Hanan Alshamsi"
"Diagnostic Dilemma In Discordant Thyroid Function Tests Due To Thyroid Hormone Autoantibodies - Panudda Srichomkwun, Neal H. Scherberg, Jasminka Jakšić, Samuel Refetoff"
"Thyrotoxicosis Due To Acute Suppurative Thyroiditis In A Postpartum Woman - Leslee N. Matheny, Shichun Bao"
"Primary Hyperparathyroidism In A First-Trimester Woman With Hyperemesis Gravidarum And Pancreatitis - Margaret L. Burks, Shimon Harary, Carmen C. Solorzano, Shichun Bao"
"Sporadic Micromedullary Thyroid Carcinoma With Bone Metastases At Diagnosis: A Case Report And Review Of The Literature - Chitra Choudhary, Joseph Scharpf, Christian Nasr"
"Rapid Response To Teriparatide In A Postpartum Osteoporosis Case Associated With Nardroparine Treatment During Pregnancy - Dan Alexandru Niculescu, Diana Pintoiu, Roxana Dusceac, Carmen Gabriela Barbu, Catalina Poiana"
"Takotsubo Cardiomyopathy In Association With Dka In A Blind Pump Patient - Jed H. Meyers, Irl B. Hirsch"
"Adrenocortical Oncocytoma With Borderline Malignant Potential Causing Subclinical Cushing Syndrome - Richa Bhattarai, Robert R. Savino, Bidur Dhakal, Andrew McGregor, ... Ramapriya Vidhun"
"Prolactin-Secreting Microadenoma Masked By A Herbal Product, Vitex Agnus-Castus - Adnan Haider, Craig Spellman, Mary Mok"
"Secondary Polycythemia Attributed To An Incidentally Discovered Luteinizing Hormone–Secreting Pituitary Adenoma: A Case Report - Anna Angelousi, Georgios Nikolopoulos, Denise Kolomodi, Dimitra Rontogianni, ... Gregory Kaltsas"
"Metastatic Pancreatic Gastrinoma, Severe Primary Hyperparathyroidism, And Adrenal Cushing Syndrome In A Patient With Multiple Endocrine Neoplasia Type 1: An Unusual Presentation And Review Of The Literature - Felipe Martins de Oliveira, Sergio Setsuo Maeda, Marília Martins Silveira Marone, Lisiane Nectoux Hilário, ... José VianaLima Júnior"
"Recurrent Subacute Thyroiditis Lacking Diagnostic Imaging Features: Atypical Scenario - Owais Rashid, Saad Farooq, Zareen Kiran, Naeem Ul Haq"
"Cerebral Venous Thrombosis Associated With Graves Hyperthyroidism - Eyal Kraut, Rahul Sarkar, Robyn L. Houlden"
"A Unique Presentation Of Thyroid Storm And Myopericarditis In A Young Muscular Man - Gina M. Mathew, Aleida Rodriguez, Lima Lawrence, Kavita P. Krishnasamy, ... Tahira Yasmeen"
"A Rare Case Of Functional Extra-Adrenal Urinary Bladder Paraganglioma In A 19-Year-Old Female Managed With Partial Cystectomy And Ureteral Reimplantion Using A Multidisciplinary Approach - Ashwin Sunil Tamhankar, Ajit Sawant, Vikash Kumar, Prakash Pawar, ... Abhishek Savaliya"
"Pheochromocytoma-Induced Hyperglycemia Leading To Misdiagnosis Of Type 1 Diabetes Mellitus - David Bole, Barbara Simon"
An Adrenal Oncocytoma Causing Subclinical Cushing Syndrome - Dylan D. Thomas
