JurnalList
"Effective Medical Therapy for Cushing Disease Can Increase the Susceptibility to Relative Hypocortisolism - Kevin C.J. Yuen, Jennifer U. Mercado, Kelley Moloney, Frances Broyles"
Slower Titration of Liraglutide Achieves better Tolerability in some Patients - Martin M. Grajower
"Ectopic Parathyroid Hormone Secretion by A Penile Squamous Cell Carcinoma - Zahily Sardiñas, Shayhira Suazo, Salini Kumar, Alice Lee, David S. Rosenthal"
"Spontaneous Resolution of Postpartum Hashimoto Encephalopathy with Levothyroxine Therapy Alone - Fredy Nehme, Salam Kadhem, Rawaa Ebrahem, Rami Mortada"
"A Large Splenic Hemangioma Masquerading as An “Adrenal Incidentaloma” - Benjamin L. Reed, Christopher R. McHenry"
"Synchronous Antithyroid Drug-Induced Agranulocytosis and Fournier Gangrene - Daniel W. Kauff, Julia I. Staubitz, Thomas J. Musholt, Hauke Lang"
"Severe Systemic Inflammatory Response Syndrome with Multi-Organ Failure Following Zoledronic ACID Infusion - Thiyagarajan Thangavelu, Brianna Johnson-Rabbett, Rekha Roka Magar, Ameer Khowaja"
"Challenging Diagnosis of Postpartum Thyroiditis and Co-Existing Thyroid Nodule - Ka Kit Wong, Arpit Gandhi, Domenico Rubello, Milton D. Gross, Craig Jaffe"
"An Unusual Presentation of Hypophosphatemic Rickets - Kathleen H. Ang, Anisha D. Patel, Adam K. Berkwitt"
"An Unusual Initial Manifestation of Prolactinoma with Posttraumatic Pituitary Apoplexy - Ana Belen Noriega-Jalil, Ana Pamela Garrido-Mendoza, Cesar Tenorio-Aparicio, Lourdes Josefina Balcázar-Hernández, ... Guadalupe Vargas-Ortega"
"Acute Severe Cushing Syndrome: Not Always Ectopic Acth Syndrome - Carlos Tavares Bello, Inês Gil, Filipa Alves Serra, João Sequeira Duarte"
"Concurrent Abdominal and Thyroid Lymphoma: A Case Report - John B. Moore, Matthew C. Russell, Thanh D. Hoang, Heather J. Tracy, ... Alfred F. Shwayhat"
"Radioiodine uptake in A Renal CYST in A Patient with Papillary Thyroid Carcinoma - Harleen Kaur Dehal, Stanley Chen Cardenas, Pavni Patel, Asha Thomas"
"Hypercalcemic Crisis Secondary to A Parathyroid Hormone-Secreting, Intrathymic, Cystic, Parathyroid Adenoma - Nermin Diab, Sara Awad, Bibianna Purgina, Lionel S. Zuckier, Erin Keely"
"An Adrenocortical Carcinoma Evolving from A Small Adrenal Incidentaloma after Years of Latency - Moe Thuzar, Donald A. Perry-Keene, Michael C. d'Emden, Emma L. Duncan"
"Role of Steroids in Refractory Hypoglycemia Due to An Overdose of 10,000 Units of Insulin Glargine: A Case Report and Literature Review - Komal Tariq, Saira Tariq, Amanda M. Denney Queen"
Nonfunctional Adrenal Adenomas: Truth or Myth? Presentation and Treatment of 2 Patients - Andreas G. Moraitis
"An Atypical Presentation of Insulin Amyloidosis: An Uncommon but Important Complication of Insulin Therapy - Catherine A. Sullivan, Reyhan Gedik, Shirin Haddady"
"Long-Term Follow-Up of a Patient with Sporadic Nonautoimmune Hyperthyroidism Due to a Thyrotropin-Receptor Mutation (D619G) - Eijun Nishihara, Mamiko Tsugawa, Yoshikazu Ozaki, Yuji Nagayama, ... Akira Miyauchi"
"Intrathyroidal Thyroglossal Duct CYST: A Rare Cause of Thyroiditis in an Adult - John Barber, Dorothy S. Martinez, Fernando Palma Diaz, Alexander P. Stark, Masha J. Livhits"
