JurnalList
"A Case of Profound Hypoglycemia in the Setting of Starvation and Beta-Adrenergic Blockade in a Patient with Hyperthyroidism - Christopher W. Lee, Hannah Mathew, Devin Steenkamp"
"Micro–Medullary Thyroid Carcinoma: A Diagnosis not to be Missed in a Patient With Neck Cavernous Hemangioma - Zaina Adnan, Noga Roguin Maor, Yaakov Shendler"
"Collision Diagnoses: Primary Hyperparathyroidism Layered on Familial Hypocalciuric Hypercalcemia - Seth Kay, Mara Piltin, Vicoria Loseva, Bridget Sinnott, ... David Terris"
"Ectopic Adrenocorticotropic Hormone Production: A Case of Neuroendocrine Cervical Small Cell Carcinoma Presenting as Cushing Syndrome - Nadia Barghouthi, Jessica Perini, Jennifer Cheng"
"Paget Disease of the Mandible - Uzma Mohammad Siddiqui, Cristina Alvarado Nieves, Aida L. Valencia-Guerrero, Christopher Coyne"
"Thymic Carcinoid with Adrenocorticotropic Hormone-Producing Ectopic Cushing Syndrome and Empty Sella - Artak Labadzhyan, Se-Min Kim, Jane Rhyu, Takako Araki, ... Shlomo Melmed"
"From Famine to a Feast: Little Endogenous Thyroxine to Overproduction - Amos Lal, Nitin Trivedi, George M. Abraham"
"Ectopic Atypical Parathyroid Neoplasm in a Patient With Multiple Endocrine Neoplasia Type I - Rimesh Pal, Sanjay Kumar Bhadada, Pinaki Dutta, Arunanshu Behera, ... Anil Bhansali"
"A Rare Case of Adipsic Diabetes Insipidus Associated with Langerhans Cell Histiocytosis - Shejil Kumar, Peter Rohl, Terrence Diamond"
"Oxytocin Deficiency and Spontaneous onset of Labor and Lactation in Langerhans Cell Histiocytosis - Alexa Clark, Robyn L. Houlden"
"A Case of Hyperthyroidism in a Patient Using the Nutritional Supplement “Survival Shield” - Jayme E. Taylor, Sarah L. Fishman, Michelle Morris, Marina Krymskaya, ... Leonid Poretsky"
"Metastatic Adrenocorticotropic Hormone-Secreting Breast Cancer Treated with Bilateral Adrenalectomy - Feibi Zheng, Angela C. Chen, David Berger, Michael W. Yeh, ... Masha J. Livhits"
"Malignant Struma Ovarii in Refractory Graves Disease: A Case Report - Kathleen C. Gallagher, Mirna B. Podoll, S.Sadia Zaidi, Naira Baregamian"
"KCNJ11 Mutation in One Family is Associated with Adult-Onset Rather than Neonatal-Onset Diabetes Mellitus - Emily Breidbart, Lauren Golden, Claudia Gonzaga-Jauregui, Liyong Deng, ... Wendy K. Chung"
Evolocumab Lowers Low-Density-Lipoprotein Cholesterol and Lipoprotein (A) Levels in Nephrotic Syndrome - Ramarao Pradeep
"A Pediatric Case of Insulin Lispro U-200 as Continuous Insulin Infusion to Treat Type 1 Diabetes Mellitus Complicated by Insulin Resistance - Grace Kim, Vanessa Waldrep"
"A Rare Cause Of Sellar-Suprasellar Mass: Igg4-Related Infundibulo-Hypophysitis - Nimisha Jain, Pinaki Dutta, A.K. Gupta, Amanjit Bal, ... Anil Bhansali"
"A Ketogenic Diet may Restore Fertility in Women With Polycystic Ovary Syndrome: A Case Series - Ula Abed Alwahab, Kevin M. Pantalone, Bartolome Burguera"
"Prolonged Progression-Free Survival with Partial Disease Regression in Advanced Metastatic Medullary Thyroid Carcinoma Treated with Vandetanib - Sravanthi Sanivarapu, Zahily Sardiñas, Salini C. Kumar, David S. Rosenthal, ... Minakshi Ramchand"
Is Hypothalamic Oxytocin Dispensable for Parturition? - Shereen Ezzat
