JurnalList
"Fishing for Digeorge Syndrome in A 40-YEAR-OLD Man - Christopher J. Hupfeld, Nai-Wen Chi, Kenneth Vaux"
"Skeletal Fluorosis Related to Habitual Tea Consumption: Long-Term Follow-Up After Reduction and Discontinuation of Tea - Sina Jasim, Doris Wenger, Robert A. Wermers"
"Euglycemic Diabetic Ketoacidosis with SGLT2 Inhibitor Use in A Patient on The Atkins Diet: A Unique Presentation of A Known Side Effect - Monica Sood, Barbara Simon, Kathleen F. Ryan, Marcus Zebrower"
"Pseudohypobicarbonatemia in a Patient Presenting with Suspected Diabetic Ketoacidosis - Jacqueline L. Cartier, Dwight C. Look, Julia P. Dunn"
"Tumor-to-Tumor Metastasis: A Case of Lung Carcinoma Metastasizing to Thyroid Neoplasm - Emre Ozoran, Mehmet Güzel, Elnur Piraliyev, Sebahattin Destek, Erhan Aysan"
"Congestive Heart Failure Secondary to a TSH-Secreting Pituitary Adenoma Aggravated by Takotsubo Cardiomyopathy in an Elderly Patient - Ikki Sakuma, Hisashi Koide, Tomohiko Yoshida, Azusa Yamato, ... Tomoaki Tanaka"
"Islet Cell Transplant: Successful Survival Through two Pregnancies - Angela L. Magdaleno, Marc A. Vengrove"
"Acute Ioderma: an Uncommon Serious Adverse Event Associated with Saturated Solution of Potassium Iodide Treatment - Jaydira Del Rivero, Craig Cochran, Francesco S. Celi"
"Steroid-Induced Diabetic Ketoacidosis in a Patient with Type 2 Diabetes Mellitus - Abhinav Tiwari, Hussain Al-Robeh, Himani Sharma, Zaid Ammari, ... Juan Carlos Jaume"
"Acute and Transient Thyroid Swelling Following Fine-Needle Aspiration Biopsy: Its Prevalence, Clinical Features, and Ultrasonographic Findings - Tetsuya Mizokami, Katsuhiko Hamada, Tetsushi Maruta, Kiichiro Higashi, Junichi Tajiri"
"Retroperitoneal Ganglioneuroma Presenting as Symptomatic Nephrolithiasis in A Young Adult: A Zebra Among Horses - Skand Shekhar, Rushabh Vakharia, Anne Marie Van Hoven"
"A Case Of Bilateral Adrenal Hemorrhage and Subsequent Adrenal Crisis due to Heparin-Induced Thrombocytopenia - Farah Naz Khan, Maya Fayfman, Stephen Brandt, J. Sonya Haw"
"Clinical, Cytogenetic, and Histopathologic Profile of a Case Of 46,XY Gonadal Dysgenesis - Balram Sharma, Hema Singh, N.k. Agrawal, S.k. Singh"
"Acromegaly Presenting as Severe Hirsutism and Amenorrhea - Eyal Kraut, Joshua Lakoff"
"A Case of Tumor-Induced Osteomalacia Associated with an Organizing Hematoma - Seong Hee Ahn, Yong-Koo Park, In Suh Park, Jinseong Kye, ... Seongbin Hong"
"Management of Pregnancy in a Patient with Nonclassical Congenital Adrenal Hyperplasia - Ann J. Miller, Rana Malek"
"Gorham-Stout Disease: Case Report and Suggested Diagnostic Evaluation of a Rare Clinical Entity - Diana Lam, Evelyn M. Wong, Angela M. Cheung, Joshua M. Lakoff"
"A Rare Case of Ovarian Hilar Leydig Cell Tumor in A Postmenopausal Woman Presenting with Clitoromegaly - Debbie W. Chen, Serge A. Jabbour"
"Life-Threatening Hypocalcemia in A Patient with highly suspected osteomalacia: A Case Report - Marco Infante, Diana Corradini, Maria Romano, Alfonso Bellia, Davide Lauro"
"Spontaneous Near-Remission of Hyperparathyroidism after Parathyroid Crisis - Roy Lirov, Shafaq Kairi, Paul G. Gauger"
“The Proof is in the Pudding”: Do SGLT2 Inhibitors Cause Diabetic Ketoacidosis? - Elena Barengolts
