JurnalList
"Development of Upper Aerodigestive Tract Complications in Patients with Stage IV Thyroid Cancer Receiving Tyrosine Kinase Inhibitors - Christopher Perdoni, Clara Olcott, David C. Lieb, Daniel W. Karakla"
"A Case of Cushing Syndrome Successfully Treated with Superselective Adrenal Arterial Embolization of an Adrenocortical Adenoma with a 6-Month Follow-Up - Shazia Ahmad, Raquel Ong, Anuj Malhotra, Gary Siskin, Hassan Shawa"
"Blau Syndrome: An Unusual Cause of Hypercalcemia in a Child - Hana Barbra Lo, Theresa Wampler Muskardin, Peter J. Tebben"
"Adrenal Insufficiency With Normal Serum Cortisol Due to Large, Bilateral Adrenal Metastases - Lauren M. Maiorini, Kent Chan, Lawrence E. Shapiro"
"Solitary Extramedullary Plasmacytoma of the Thyroid Gland Following Head and Neck External Beam Radiotherapy - Alexa Clark, Senthuran Tharmalingam, Marosh Manduch, Russell Hollins, ... Joshua Lakoff"
"Liver Transplantation in a Young Patient with Severe and Refractory Carcinoid Syndrome - Omalkhaire M. Alshaikh, Sylvia L. Asa, Ozgur Mete, Paul D. Greig, ... Shereen Ezzat"
"Spontaneous Progressive Diminution of Prostate-Specific Antigen Levels as a Clue to Secondary Hypogonadism and Ultimately a Pituitary Macroadenoma - Michael H. Goldman, Alison T. Gruber"
"Subacute Thyroiditis Evolving into Hashimoto Thyroiditis - Sumerah Jabeen, Muhammad Qamar Masood"
"Oncogenic Osteomalacia: The Search, Treatment, and Cure of a Debilitating Tumor - Christopher W. Lee, Hannah Mathew, Michael F. Holick"
"Adrenal Suppression Secondary to Interaction of Combined Inhaled Corticosteroid and Antifungal Agent - Janiel Pimentel, Chirag Kapadia, Dorothee Newbern, Gabriel Shaibi"
"Intact Parathyroid Hormone Suppression in Primary Hyperparathyroidism by Hypercalcemia of Malignancy - Nadia Barghouthi, Jessica Perini"
"Hypocitraturia Contributing to Nephrolithiasis in a Patient with CYP24A1 Gene Mutation - Mohamed K.M. Shakir, Ibrahim al-Jabbar, Thanh D. Hoang, Terry Shin, Vinh Q. Mai"
"Elevated Intact Parathyroid Hormone Produced by a Cervical Neuroendocrine Tumor - Suset Dueñas Disotuar, Raquel Guerrero Vázquez, Miguel Ángel Japón, Ignacio Cuenca Cuenca, ... Alfonso Soto Moreno"
"Positive PIK3CA (P.H1047R) Mutation in a Benign Thyroid Nodule of a Patient With Men-1 Syndrome - Jules Aljammal, Konstantinos Segkos, Abigail I. Wald, Yuri E. Nikiforov"
"Succinate Dehydrogenase Subunit B Mutation Presenting with Spermatic Cord and Neck Paraganglioma - Caroline Bachmeier, Leslie Kuma, Michael Collins, Kunwarjit Sangla"
"Primary Granulomatous Hypophysitis Presenting with Secondary Hypothyroidism - Bana Antonios, Kais Antonios, Terri Washington, Maha Abboud"
"Association of Rhabdomyolysis with Uncontrolled Autoimmune Thyroid Disease in Adolescents - Nordie A. Bilbao, Anne-Marie D. Kaulfers, Samar K. Bhowmick"
"A Good Imitator of Medullary Thyroid Carcinoma: Thyroid Metastasis From a Neuroendocrine Tumor - Suset Dueñas Disotuar, Ana Romero-Lluch, Cecilia Gallego Casado, María Fontillón, Elena Navarro González"
"Liraglutide for the Treatment of Hypothalamic Obesity - Sadia Ashraf, Prashant Nadkarni, Nidhi Bansal, Susan E. Stred"
"Adrenal Crisis Triggered by Endogenous Thyrotoxicosis: Case Series - Mazen Al Mushref, Marie Caldwell, Elizabeth Harris"
Updating the Rainbow of Flavors of Hypophysitis - Sonia Ananthakrishnan
