JurnalList
"SDHD Gene Mutations: Looking Beyond Head and Neck Tumors - Sushma Kadiyala, Yasmin Khan, Valeria de Miguel, Megan N. Frone, ... Hans K. Ghayee"
"Primary Plasmablastic Thyroid Lymphoma: A Case Report - Thomas M. Gallagher, Shyam Narayana, Jozef Malysz"
"Cardiac Tamponade as Initial Presentation of Autoimmune Polyglandular Syndrome Type 2 - Anne Bacal, Gina Mathew, Joseph Pyle, Sunil Pauwaa, Mohammed Kazi"
Remission of Bulimia Nervosa Observed During Administration of Liraglutide and Metformin: A Case Report - Margarita Perez-Cheron
"Mandibular Brown Tumor as Atypical Presentation of Primary Hyperparathyroidism: two Case Reports And Literature Review - Ana Belén Noriega-Jalil, Yelitza Astrid Valverde-García, Jorge García-Barajas, Héctor García Hernández, ... Victoria Mendoza-Zubieta"
"Two Cases of 22Q11.2 Deletion Syndrome and Type 1 Diabetes - Melissa A. Chambers, Theresa A. Grebe, Dorothee K.D. Newbern"
"Suppurative Thyroiditis due to Nocardia in An Immunocompromised Patient - Eric L. Wu, Daniah Bu Ali, Andrew B. Sholl, Emad Kandil"
"Pregnancy in A Male: A Surprising Late Consequence of Mistaken Sex/Gender Assignment - Tasnim Ahsan, Saima Ghaus, Shereen Bhutta, Rukhshanda Jabeen, Urooj Lal Rehman"
"Pancreatitis due to Clomiphene Citrate-Induced Hypertriglyceridemia: A Case Report and Literature Review - David T. Broome, Robert S. Zimmerman, Prashanthi N. Thota"
"Hypercalcemic Crisis in A Patient with A Huge Mediastinal Atypical Parathyroid Adenoma - Jenna L. Sarvaideo, Jennifer Clark, Kathryn E. Coan, Oleksandr Kravtsov, ... Joseph L. Shaker"
"Late-Onset Melas with Midd: An Uncommon Age of Presentation - Heenam Goel, Karina Szczepanczyk, Faryal S. Mirza"
"Primary Adrenal Insufficiency from Immune Checkpoint Inhibitors - Afreen Idris Shariff, David Andrew D'Alessio"
"Resolution of Metabolic Abnormalities During Pregnancy in a Patient with Gordon Syndrome and KLHL3 Mutation - Sara Awad, Erin Keely, Hussein Abujrad"
"Tumor-Induced Osteomalacia due to Hitherto Undiagnosed Subcutaneous Phosphaturic Mesenchymal Tumor - Raiz Ahmad Misgar, Danendra Sahu, Ashish Sehgal, Sajad Ahmad Malik, ... Shariq Rashid Masoodi"
"Management of Pheochromocytoma in The Setting of Acute Stroke - Solomon Oak, Mahsa Javid, Glenda G. Callender, Tobias Carling, Courtney E. Gibson"
"Pseudohypoparathyroidism Type 1B with Asymptomatic Hypocalcemia - Claudia Matta-Coelho, Joana Mesquita, Selma B. Souto"
"A Case of Struma Carcinoid and Graves Disease - Asha K. Pathak, Gregory M. Cheeney, Mara H. Rendi, Renata R. Urban, ... Alan Chait"
"Idiopathic Infantile Hypercalcemia Presenting in Childhood but Diagnosed in Adulthood - Catarina Silvestre, José Maria Aragües, Maria João Bugalho, Glenville Jones, Martin Kaufmann"
"Expression of HIF-1α in A Pancreatic Ductal Adenocarcinoma in A Patient with Newly Diagnosed Type 2 Diabetes - Jessica R. Weaver, Carolina M. Casellini, Henri K. Parson, Aaron I. Vinik"
Managing Intersex and Transgender Health Across the Globe Requires more Than Just Understanding the Science - Joshua D. Safer
Congenital Vitamin D-Mediated Hypercalcemia - Rajib K. Bhattacharya
