JurnalList
"Metastatic Medullary Thyroid Carcinoma with Normal Serum Calcitonin Levels - Tania Tofail, Mohammed Fariduddin, Tahniyah Haq, Shahjada Selim, ... Muhammad Abul Hasanat"
"Successful Pregnancy on a Gluten-Free Diet in a Woman with Seven Miscarriages and Nonceliac Gluten Sensitivity - Sonia I. Bennett, Ankur Gupta"
"Ectopic Cortisol and Androgen-Producing Adrenocortical Carcinoma Arising from Adrenal Rest Tissue in a Kidney: Case Report and Literature Review - Grace Y. Kim, Helen Anaedo, Sahar Nozad, Tipu Nazeer, Hassan Shawa"
"Case Report of Bilateral Pheochromocytomas due to a Novel Max Mutation in a Patient Known to have a Pituitary Prolactinoma - Alexandra O. Kobza, Stephanie Dizon, Amel Arnaout"
"Unusual Case of Autoimmune Diabetes Mellitus in the Setting of Extra-Adrenal Paraganglioma with Loss of Succinate Dehydrogenase Expression - Janina A. Vaitkus, Steven C. Smith, Sosipatros A. Boikos, Francesco S. Celi"
"Co-Existing Graves Disease with Benign Struma Ovarii: A Case Report - Lisa D. Alexander, Ashley Leckie, Kirsteen Burton, Lauren Jain, ... Catherine Yu"
"Hypoparathyroidism due to 22Q11 Deletion Syndrome Presenting as Acute Cardiomyopathy - Rahul Agarwal, Staci Kallish, Mona Al Mukaddam"
"Onset of Asymptomatic Skeletal Metastatic Disease seen on Dxa - Victoria Forbes, Pamela Taxel"
"Acth-Dependent Cushing Syndrome Caused by Thymic Carcinoid Diagnosed After Delivery of a Healthy Child - Kumi Kobayashi, Takeshi Hayashi, Azusa Yamato, Daisuke Matsutani, ... Kazunori Utsunomiya"
"Combination of Phentermine/Topiramate Er and Liraglutide 3 Mg for Intensive Therapy of Severe Obesity & T2Dm: A Case Series and Brief Review - Harris M. Baloch, Karl Nadolsky"
"Central Diabetes Insipidus and Chemotherapy: Use of a Continuous Arginine Vasopressin Infusion for Fluid and Sodium Balance - Joshua A. Levine, Susan L. Karam, Clare O'Connor, Smita Kumar, ... Emily D. Szmuilowicz"
"Sulfasalazine-Induced Hypoglycemia in a Patient with Type 2 Diabetes and End-Stage Renal Disease - George A. Stamatiades, Justin B. Echouffo-Tcheugui, Jeffrey R. Garber"
"A Newly Devised Vasopressin Drip Protocol in the Management of Chronic Central Diabetes Insipidus During Facial Transplantation Surgery - Khawla F. Ali, Vicente T. San Martin, Lea El-Hage, Christine Ahrens, ... Pratibha Rao"
"A Newly Identified Mutation in the Calcium-Sensing Receptor Gene Causing Familial Hypocalciuric Hypercalcemia: A Case Report - Maali Milhem, Omolola Olajide"
"Diabetic Ketoacidosis in a Patient with Type 1 Diabetes Mellitus Treated with Low Insulin in Combination with Empagliflozin - Josá G. Jiménez-Montero, Christopher J. Mora-Aguilar, Chih Hao Chen-Ku"
"Isolated Prolactin Deficiency: A Possible Culprit in Lactation Failure - Pamela D. Berens, Mariana Villanueva, Shahla Nader, Laurie S. Swaim"
"Hypokalemia may Mask Primary Aldosteronism: A Case Series - Michael Morkos, Yu-Chien Cheng, Leon Fogelfeld"
"Acute Myeloid Leukemia Associated Leukocytic Hypophysitis Presenting with Central Diabetes Insipidus - Joshua A. Levine, Ashley Pariser, Eve Bloomgarden"
"Cushing Syndrome due to Ectopic Adrenocorticotropic Hormone Secretion by a Pulmonary Carcinoid Tumor in a Patient with Pneumoconiosis - Hazim Bukamur, Chelsey White, Rodhan Khthir, Alysia Browne, ... Mohammed Al-Ourani"
"Thyroid Storm as a Presentation of Graves Disease in a Pediatric Patient with Down Syndrome - Abdullah Almaghraby, Monica E. Bianco, Jami L. Josefson"
Author and Title Index* - 
Subject Index* - 
