JurnalList
Editorial for March/April Issue of AACE Clinical Case Reports - Sina Jasim
"A Case of Hypophosphatasia With Normal Alkaline Phosphatase Levels - Antara Dattagupta, Steven Petak"
"A Woman with Bilateral Pheochromocytoma and Tuberous Sclerosis Complex - Maleeha Zahid, Shalini Koshy, Jawairia Shakil, Helmi S. Khadra, ... Archana R. Sadhu"
"An Unusual Case of Hypercalcemia Due to Graft-Versus-Host Disease - Paras Fatima, Vincent Czerwinski, Sujata Panthi, Chitra Choudhary"
"A Woman With HNF1A-Associated Monogenic Diabetes Treated Successfully With Repaglinide Monotherapy - Katherine Cuan, Ilana R. Bass"
"Co-existence of Type 1 Diabetes Mellitus and Myasthenia Gravis: A Case Report and Review of the Literature - Sabitha Sasidharan Pillai, Kate Millington"
"Hypophysitis Secondary to Small Vessel ANCA Vasculitis Treated With Rituximab - Nankee K. Kumar, Ana Rivadeneira, Shubhasree Banerjee, Maria Gubbiotti, ... Caitlin A. White"
"An Overlooked Medication-Induced Celiac Flare Complicating Treatment of Osteoporosis - Van Phan, John Aurora, Suma Gondi, Lisa Ceglia"
"A Rare Case of Persistent Multifocal Cribriform-Morular Thyroid Carcinoma - William Kuenstner, Po Zhao, Wen Lee, Carlos Garcia, ... Leila Shobab"
"Recalcitrant Hypocalcemia: Postsurgical Hypoparathyroidism Exacerbated by a Chyle Leak Treated With Octreotide - Brenda Dorcely, Nouran Ibrahim, Michael Natter, Noah Ziluck, Loren Wissner Greene"
"Encephalopathy After a High-Dose Dexamethasone Suppression Test in a Woman With X-Linked Ornithine Transcarbamylase Deficiency - Hyunho Seol, Yoon Hee Hong, Min Ji Jeon"
"Cystic and Atrophic Kidneys, Atrophic Pancreas, Arcuate Uterus, and Diabetes Mellitus Associated With Deletion of HNF1β Gene - Rachel L. Usala, Alberto Sobrero, Amy Riek, Janet McGill, Fumihiko Urano"
"A Case of Appetite Loss Did Not Improve After Treatment for Hyperglycemia and Diabetic Ketoacidosis - Takahiro Ishikawa, Hidehiro Kamezaki"
