JurnalList
Editorial for May/June issue of AACE Clinical Case Reports - Sina Jasim
"Hematospermia in a Transgender Woman with Evidence for Endometrial Tissue in the Prostate - Janet Coleman-Belin, Uchechukwu O. Amakiri, Fang-Ming Deng, Deepthi Hoskoppal, ... Tamar Reisman"
"Cushing Syndrome Due to a Corticotropin-Releasing Hormone– and Adrenocorticotropic Hormone–Secreting Silent Pheochromocytoma - Sananda Moctezuma, Jonathan L. Perez, Ezra Baraban, Patrizio Caturegli, ... Roberto Salvatori"
"Hypercalcemia Associated With Severe Dysphagia in a Patient With Parathyroid Adenoma and Significant Cervical Spondylophytes - Duje Čulina, Mirta Peček, Tomislav Gregurić, Ivana Aras, ... Siniša Stevanović"
"Recurrent Pheochromocytoma With Bone Metastasis Eight Years After Bilateral Adrenalectomies in a Patient With Neurofibromatosis Type 1 - Elvina Yunasan, Xinyuan Ning, Mohammed Rifat Shaik, Marjorie Pennant"
"A Case of Primary Hyperparathyroidism Secondary to Parathyroid Adenoma in a Pediatric Patient - Gannon J. Ray, Joe S. Liles, Whei Ying Lim"
"Hypoglycemia Unawareness and Recurrent Severe Hypoglycemia in an Individual With Type 1 Diabetes Mellitus on Insulin - Carlos Escudero, Alaa Husain, Amel Arnaout"
"Severe Hyponatremia Triggered by Immune Checkpoint Inhibitor Therapy in a Patient With Mulvihill-Smith Syndrome - Tammy Tavdy, Janaki Manasa Samavedam, Priyanka Mathias, Hanna J. Lee"
"Dopamine-Secreting Carotid Body Paraganglioma in a Patient With SDHB Mutation - Katherine Mustafa, Sara Zadeh, Silas A. Culver"
"A Vertebral Fracture Unmasking Systemic Mastocytosis in a 29-Year-Old Man - Christopher N. Nguyen, Nathan A. Boggs, Devin B. Maxwell, David T. Danielson, Thanh D. Hoang"
"Polyuria, Sinopulmonary Symptoms, and Pituitary Mass - Anita V. Pechenenko, Seth J. Van Der Veer, Courtney A. Clutter"
"Malignant Pheochromocytoma Presenting as a Large Adrenal Mass With Cavoatrial Tumor Thrombus - Run Yu, Martin S. Allen-Auerbach, Michael W. Yeh"
"Malignant Insulinoma - Sindhu Kishore, Michael Eerhart, Mohammad Hijazi, Gehna Kishore, ... Elie Klam"
