JurnalList
Editorial for Jan/Feb Issue of AACE Clinical Case Reports - Sina Jasim
"A 48-Year-Old Man With a Hip Fracture and Skin Rash: A Case Report - J. Anthony Parker, Runhua Hou"
"Not All Diabetic Ketoacidosis in Infant Is Type 1: A Case Report Permanent Neonatal Diabetes - Doua Khalid Al Homyani, Lina Al Homaiani"
"Pituitary Abscess Causing Panhypopituitarism in a Patient With Neurobrucellosis: Case Report - Gustavo De la Peña-Sosa, Abraham I. Cabello-Hernández, Roxana P. Gómez-Ruíz, Miguel A. Gómez-Sámano, Francisco J. Gómez-Pérez"
"Olanzapine-Induced Diabetic Ketoacidosis: A Reversible Etiology Overlooked in Psychiatric Patients - Avish K. Jain, Aditi Shah, Geetha Bhat"
"The Right Hand Must Know What the Left Hand is Doing: A False-Positive Hotspot on the Sestamibi Scan - Zahid Sundas, Han Dao, Smita Kumar, Alan A. Thomay, Adnan Haider"
"Prolactinoma and Adenomyosis – More than Meets the Eye: A Case Report - Shereen Khattab, Catherine H. Yu, Sapna Shah"
"Paraganglioma of the Recurrent Laryngeal Nerve - Thomas Dougherty, Gabriela Aitken, Richard Mack Harrell, Courtney Edwards, ... David Bimston"
"Occult Metastatic Papillary Thyroid Cancer in an Adolescent - Anna Chin, Renee Robilliard, Jan C. Groblewski, John M. Tarro, ... Lisa Swartz Topor"
"Kissing Carotid Arteries Causing Male Hypogonadotropic Hypogonadism - Sima Saberi, Jordan Bushman, Sophia Sinha, David Shlensky, ... Nazanene H. Esfandiari"
"A Rare Case of Exophytic and Ulcerated Thyroid Tumor With Skin Involvement - Ana Beatriz Winter Tavares, Marise Machado, Luiz Guilherme Kraemer-Aguiar"
Reviewer Acknowledgement - 
