JurnalList
Greetings From the New Editor-in-Chief of AACE Clinical Case Reports (ACCR) - Sina Jasim
"Delayed Onset of Central Hypocortisolism in a Patient Recovering From COVID-19 - Marvin Wei Jie Chua, Melvin Peng Wei Chua"
"COVID-19 Presenting With Diabetic Ketoacidosis: A Case Series - Ramya S. Gorthi, Ghassan Kamel, Sandeep Dhindsa, Ravi P. Nayak"
"Euglycemic Diabetic Ketoacidosis With COVID-19 Infection in Patients With Type 2 Diabetes Taking SGLT2 Inhibitors - Rebecca J. Vitale, Yannis K. Valtis, Marie E. McDonnell, Nadine E. Palermo, Naomi D.L. Fisher"
"Graves’ Thyrotoxicosis Following SARS-CoV-2 Infection - Asaf Harris, Mazen Al Mushref"
"Euglycemic Diabetic Ketoacidosis Caused by SGLT2 Inhibitors and a Ketogenic Diet: A Case Series and Review of Literature - Serena Mistry, Deirdre Cocks Eschler"
"A Case of SGLT2 Inhibitor-Associated Euglycemic Diabetic Ketoacidosis Following Coronary Artery Bypass Surgery - Deborah A. Osafehinti, Ogochukwu J. Okoli, Jocelyne G. Karam"
"Pembrolizumab-Associated Hypoparathyroidism: A Single Case Report - Israa Mahmood, Nitesh D. Kuhadiya, Michael Gonzalaes"
"Bilateral Ovarian Leydig Cell Tumors in a Postmenopausal Woman Causing Hirsutism and Virilization - Mohamed K.M. Shakir, Andrea N. Snitchler, Nicole O. Vietor, Vinh Q. Mai, Thanh D. Hoang"
"Histoplasmosis: An Unusual Cause of Adrenal Insufficiency - Parvathy Madhavan, Ravali Nallu, Pooja Luthra"
"Ectopic ACTH Production Caused by Metastatic Parotid Gland Acinic Cell Carcinoma - Jacob M. Burch, James S. Choi, Osama Mosalem, Lawrenshey Charles"
"Clinical Case Report: Dissociation of Clinical Course of Coexisting Autoimmune Hepatitis and Graves Disease - Aesha M. Patel, Camille Stanback, Priyathama Vellanki"
"Hashimoto Encephalopathy in Pediatrics: Report of 3 Cases - Anne-Marie D. Kaulfers, Samar K. Bhowmick"
"Nonseminomatous Germ-Cell Tumor Presenting as Bilateral Adrenal Masses - Neelam Baral, Rashika Bansal, Binaya Basyal, Wen Lee, ... Meeta Sharma"
"A Case of Burnt-Out Langerhans Cell Histiocytosis Presenting as Postpartum Hypopituitarism - Susmita Reddy Karri, Amy Hsieh, John Binder, Vasant Shenoy"
"Ectopic Parathyroid Adenoma in an 11-Year-Old Girl: Case Report and Literature Review - Myrto Eleni Flokas, Gulnigor Ganieva, Amanda Grieco, Levon Agdere"
"Bilateral Charcot Neuroarthropathy in Pregnancy: A Case Report and Review of the Influence of Pregnancy Hormones on Ligament Laxity - Rebecca Rogers, Ketan K. Dhatariya"
"Adrenal Ganglioneuroma Presenting as an Incidentaloma in an Adolescent Patient - Sonia G. Sharma, Steven N. Levine, Xin Gu"
"Liddle Syndrome due to a Novel c.1713 Deletion in the Epithelial Sodium Channel β-Subunit in a Normotensive Adolescent - Raven K. Brower, Ida A. Ghlichloo, Venus Shabgahi, Daniel Elsholz, ... Arpita K. Vyas"
"Myelofibrosis and Pancytopenia Associated With Primary Hyperparathyroidism - Remya Rajan, Immanuel Paul, Kripa Elizabeth Cherian, Anu Korula, ... Thomas Vizhalil Paul"
"Vanishing Adrenal Mass in Pregnancy - Sheila R. Gupta, Hans K. Ghayee"
"Remission of Primary Hyperparathyroidism Following Fine-Needle Aspiration Biopsy: A Case Report and Review of the Literature - Pierpaolo Falcetta, Filomena Cetani, Massimo Tonacchera"
"Tumor-Induced Hypoglycemia: An Unusual Case Report and Review of Literature - Basma Abdulhadi, Catherine Anastasopoulou, Patamaporn Lekprasert"
Author and Title Index - 
Subject Index - 
