JurnalList
Editorial for September/October Issue of AACE Clinical Case Reports - Sina Jasim
"Persistence of Elevated Procalcitonin in a Patient with Coronavirus Disease 2019 Uncovered a Diagnosis of Medullary Thyroid Carcinoma - Laura Gianotti, Salvatore D’Agnano, Giorgio Pettiti, Francesco Tassone, ... Giorgio Borretta"
"Occurrence of Klinefelter Syndrome Mosaic 45,X/46,XY/47,XXY/48,XXYY/48,XXXY and Primary Hyperparathyroidism - César Ernesto Lam-Chung, Larissa López Rodríguez, Yayoi Segura Kato, Iván Josué Jiménez González, ... Jazmín Arteaga Vázquez"
"Anaplastic Thyroid Cancer Successfully Treated With Radiation and Immunotherapy: A Case Report - Shuen-Ru Yang, Mu-Hung Tsai, Chung-Jye Hung, Shu-Ling Peng, ... Hui-Jen Tsai"
"Solitary Extramedullary Plasmacytoma of the Thyroid Gland in a Patient With Subclinical Hyperthyroidism - Matthew S. Wysocki, Kaare Weber"
"Mycophenolate Mofetil and Plasmapheresis: A Treatment Option for Severe Insulin Resistance caused by Insulin Antibodies - Danielle Brooks, Priya Grewal, Ian Baine, Suzanne A. Arinsburg, ... Nirali A. Shah"
"Pheochromocytoma Crisis Presenting With ARDS Successfully Treated With ECMO-Assisted Adrenalectomy - Manita Choudhary, Yufei Chen, Oren Friedman, Natasha Cuk, Anat Ben-Shlomo"
"Plasmapheresis as an Early Treatment for Severe Hypertriglyceridemia, Acute Pancreatitis, and Diabetic Ketoacidosis - Ayesha Monga Kravetz, Pooja Sanghavi, Vidit Bhargava, Run Zhang Shi, Laura Marie Nally"
"Retrospective Diagnosis of Malignant Struma Ovarii After Discovery of Pulmonary Metastasis - Maham Qureshi, Lielt Derebew, Laura Boucai, Preeti Kishore"
"A Case of Severe Hypocalcemia Caused by Malabsorption Due to Partial Gastrectomy and Small Bowel Resection - John O. Knight, Lucia F. Cotten, Thomas R. Ziegler, Priyathama Vellanki"
"A Case of Diabetic Hemichorea Hemiballismus Exacerbated by Hypoglycemia - Jessica Rupp, Avrum Gillespie"
Central Hypothyroidism due to Pituitary Iron Overload - Run Yu
"A Patient With Cowden Syndrome Presenting With a Multi-Nodular Goiter - Audrey R. Lane, Soamsiri Niwattisaiwong"
Immunotherapy in Anaplastic Thyroid Cancer: Much Yet to Be Learned - Keith C. Bible
