JurnalList
Greetings From the Editor - 
"Horner’s Syndrome During High-Intensity Focused Ultrasound Ablation for a Benign Thyroid Nodule - Adrien Ben Hamou, Hervé Monpeyssen"
"Hypercalcemia of Malignancy: Simultaneous Elevation in Parathyroid Hormone-Related Peptide and 1,25 Dihydroxyvitamin D in Sarcoma - Dong Won Kim, Ann Miller, Andrew Li, Naomi Hardy, Kristi D. Silver"
"KIT Mutation in Gastric Gastrointestinal Stromal Tumor in a Patient With Familial Paraganglioma Syndrome Type 4 - Robyn L. Houlden, Cassandra L.A. Hawco"
"Commercialized Hybrid Closed-Loop System (Minimed Medtronic 670G) Results During Pregnancy - Jesús Moreno-Fernández, José Alberto García-Seco"
"Skeletal Complications With GNAS Mutation: An Unusual Case With Osteoma Cutis, Gout, and Synovial Chondromatosis in a Patient With Pseudopseudohypoparathyroidism - Jane Rhyu, Shalini P. Bhat"
"Efficacy of Hybrid Closed-Loop Insulin Delivery System in a Hospital Setting: A Case Series - Zulekha Atif, Amanda Halstrom, Virginia Peragallo-Dittko, Stanislaw P. Klek"
"Lithium-Associated Hyperparathyroidism Followed by Catatonia - Srinagesh Mannekote Thippaiah, Rachel E. Fargason, Jayasudha G. Gude, Shankarapura N. Muralidhara, Badari Birur"
"Unusual Endocrinopathies in 18q Deletion Syndrome: Pseudoparathyroidism and Hyper-/Hypo-Thyroidism - Anne Marie D. Kaulfers, Whei Ying Lim, Samar K. Bhowmick"
"Radiofrequency Ablation of Parathyroid Adenoma: A Novel Treatment Option for Primary Hyperparathyroidism - Iram Hussain, Shahzad Ahmad, Jules Aljammal"
"Hypercalcemia of Malignancy Attributed to Cosecretion of PTH and PTHRP in Lung Adenocarcinoma - Jeffrey M. Kroopnick, Ubaldo Martinez-Outschoorn, Madalina Tuluc, Caroline S. Kim"
"Morbid Obesity Due to Prolactinoma and Significant Weight Loss After Dopamine Agonist Treatment - Muzaffar Ali, Lubna Mirza"
"Well-Differentiated Thyroid Cancer Invading the Trachea in a Pediatric Patient - Nicole Mott, Yena Kang, Steven Bruch, Amer Heider, Aaron Thatcher"
"Treatment of Severe Hypertriglyceridemia During Pregnancy With High Doses of Omega-3 Fatty Acid and Plasmapheresis - Nguyen T. Nguyen, Priti V. Nath, Vinh Q. Mai, Mohamed K.M. Shakir, Thanh D. Hoang"
"A Family With Novel X-Linked Recessive Homozygous Mutation in ANOS1 (c.628_629 del, p.1210fs∗) in Kallmann Syndrome Associated Unilateral Ptosis: Case Report and Literature Review - Shahab Noorian, Shahram Savad, Armin Khavandegar, Mahnaz Jamee"
"Xanthomatous Hypophysitis Presenting in an Adolescent Girl: A Long-Term Follow-Up of a Rare Case and Review of the Literature - Jeanne Sze Lyn Wong, Azraai Bahari Nasruddin, Nalini M. Selveindran, Kartikasalwah Abd Latif, ... Janet Y.H. Hong"
"Dural Tail Sign in Meningiomas - Hasan Husni, Amir H. Hamrahian"
"Acute Unilateral Nonhemorrhagic Adrenal Infarction in Pregnancy - Firas Warda, Erik Soule, Dheeraj Gopireddy, Gunjan Y. Gandhi"
