JurnalList
"The Vanishing Adrenal Glands: A Transient Regression of Adrenal Lymphoma After a Single Dose of 1 mg Dexamethasone - Shamaila Zaman, Hessa Boharoon, Neelam Khalid, Sasha Marks, ... Karim Meeran"
"Renal Papillary Necrosis Associated With Normocalcemic Primary Hyperparathyroidism - Ismail C. Ebrahim, Gregory Schmidt, Tanner A. Slayden, Thanh D. Hoang, Mohamed K.M. Shakir"
"Acute Sterile Meningitis as a Primary Manifestation of Pituitary Apoplexy - Gayane Tumyan, Yogamaya Mantha, Rahul Gill, Mark Feldman"
"Increased Thyroid-Hormone Requirements Consistent With Type 3 Deiodinase Induction Related to Ibrutinib in a Thyroidectomized Woman - Alon Yehuda Mazori, Maria Skamagas"
"Development of Inappropriate Vasopressin Secretion in Association With Lumbar Cerebrospinal Fluid Drainage in an Adult With Traumatic Basilar Skull Fracture - Jane Rhyu, Run Yu"
"Alpelisib-Induced Diabetic Ketoacidosis: A Case Report and Review of Literature - Maritza Carrillo, Renil M. Rodriguez, Christopher L. Walsh, Megan Mcgarvey"
"Testosterone-Secreting Ovarian Tumor: A Rare Cause of Erythrocytosis and Pulmonary Embolus - Naomi Friedman, Seth Gerald Friedman, Victor Klein, Jason A. Sternchos"
"Hemichorea-Hemiballism in A 50-Year-Old Man With Newly Diagnosed Diabetes - Mashfiqul Hasan, Mohammad Atiqur-Rahman, Sharmin Chowdhury"
"Differentiating Among Type 1, Type 2 Diabetes, and MODY: Raising Awareness About the Clinical Implementation of Genetic Testing in Latin America - Lam-Chung César Ernesto, Elizondo Ochoa Álvaro, Segura Kato Yayoi, Silva-Serrano Juanita, ... Paloma Almeda-Valdes"
"Nelson Syndrome: A Case Report and Literature Review - Felipe J. Esparza-Salazar, Jhosue A. Hernández-González, Alma R. Lezama-Toledo, Diego Incontri-Abraham, ... Miguel A. Gómez-Sámano"
"Different Clinical Manifestations Related to Subvirilization in Three XY Patients With the Same Pathogenic Variant of Steroidogenic Factor 1 - Maria Fernanda Ochoa, Francisca Yankovic, Helena Poggi, Alejandro Martinez"
"Cushing’s Disease as a Result of Two ACTH-Secreting Pituitary Tumors - Christine Mathai, Jonathan Anolik"
"Radiofrequency Ablation as a Primary Therapy for Benign Functioning Insulinoma - Ebtihal Y. Alyusuf, Aishah A. Ekhzaimy, Juan A. Rivera"
"Searching for the Culprit: When Diabetic Ketoacidosis Presents With Insulin Autoantibodies - Scarlette Garcia-Avila, Anish Samuel, Iqra Farooqi, Rajapriya Manickam, ... Sandra Gibiezaite"
