JurnalList
"Pycnodysostosis: A Growth Hormone Responsive Skeletal Dysplasia - Hafsa Omer Sulaiman, Nandu Kumar Sidramappa Thalange"
"Acute Hyponatremia After a Religious Fast - Raphael J. Rosen, Andrew S. Bomback"
"Pseudohyperglycemia Secondary to High-Dose Intravenous Vitamin C Managed as Diabetic Ketoacidosis: An Endocrinological Catastrophe - Israel B. Orija, Syeda Hira Zahid"
"Metastatic Malignant Struma Ovarii and Graves’ Disease: A Rare Occurrence - Brenda Chiang, Ray Lai, Sorsiah Mansor, Brenda Lim"
"Insulinoma With Concomitant Insulin Antibodies - Anira Iqbal, David T. Broome, Vinni Makin, Divya Yogi-Morren"
"ICAM1-Negative Intravascular Large B-Cell Lymphoma of the Pituitary Gland: A Case Report and Literature Review - Kumiko Naito, Sawako Suzuki, Chikako Ohwada, Kazuki Ishiwata, ... Koutaro Yokote"
"Surgical Remission of Diabetes in a Patient With Mutation of RET Proto-Oncogene - Marcio José Concepción Zavaleta, Cristian David Armas Flórez, Cesar Joel Benites Moya, Esteban Alberto Plasencia Dueñas, ... Frederick Massucco Revoredo"
"Ovarian Steroid Cell Tumor Masquerading as Steroid-Unresponsive Congenital Adrenal Hyperplasia - Jane E. Driano, Ana L. Creo, Seema Kumar, Asma J. Chattha, Aida N. Lteif"
"Hypercalcemic Crisis Caused by a Parathyroid Mass Requiring Thoracoscopic Resection - Rachel C. Kim, Alexandra M. Roch, Thomas J. Birdas, Hadley E. Ritter, Alexandria D. McDow"
"Late Onset of an Overlooked Follicular Thyroid Carcinoma Presenting as a Chest Wall Tumor 10 Years Following Thyroidectomy - Murat Kara, Turgut Akgul, Gulcin Yegen, Nihat Aksakal"
"Methimazole Desensitization in a 4-Year-Old With Refractory Graves Disease - Rebecca Schneider Aguirre, Ariba Khalid, Heba M. Ismail, Zeina Nabhan"
"Resolution of Cyclicity After Pasireotide LAR in a Patient With Cushing Disease - Márcio Carlos Machado, Valter Angelo Sperling Cescato, Maria Candida Barisson Villares Fragoso, Marcello Delano Bronstein"
"A Rapidly Enlarging Neck Mass in a 54-Year-Old Woman - Rasheed A. Muhammed, Pillai B. Sandeep, Khan M.H. Firoz, Thanh D. Hoang, Mohamed K.M. Shakir"
"Aortic Calcification Artifact Causing Spuriously High Bone Mineral Density in the Lumbar Spine - Pragya Gupta, Kripa Elizabeth Cherian, Nitin Kapoor, Thomas Vizhalil Paul"
