JurnalList
Editorial for November/December Issue of AACE Clinical Case Reports - Sina Jasim
"A Rare Case of Familial Neurogenic Diabetes Insipidus in a 22-Year-Old Man - Van T.T. Phan, Zachary W. Bloomer, Vien T.X. Phan, Mohamed K.M. Shakir, Thanh D. Hoang"
"A Gigantic Uterine Leiomyoma and Big Bilateral Adrenal Myelolipomas as a Result of Untreated Congenital Adrenal Hyperplasia - Betty La, Celestine Tung, Eugene A. Choi, Ha Nguyen"
"Rapid Desensitization for Insulin Allergy in Type 1 Diabetes Using an Insulin Pump: A Case Report and Literature Review - Kristy Tian, Haur Yueh Lee, Huee Boon Lim, Yoke Ling Chan, ... Daphne Su-Lyn Gardner"
"Gynecomastia in a Transgender Boy: A Case Report - Raymond Fung, Mary Kathleen Greenaway, Giancarlo McEvenue"
"A Rare Case of Addison’s Disease Presenting With Intermittent Pancytopenia and Cardiac Tamponade - Haoyang Wang, Karen Feghali, Vybhav A. Jetty, Artem Astsaturov, ... Ann T. Sweeney"
"The Perfect Storm: Rapid Progression of Diabetic Ketoacidosis in Pediatric Diabetes in the Setting of COVID-19 - Rachel Modarelli, Pinar Gumus Balikcioglu, Grace Hendrix, Michelle DeRusso, Caroline Ozment"
"Thyroid Storm in a Patient With COVID-19 - Angela N. Rao, Ruaa Y. Al-Ward, Ruchi Gaba"
"Tumor-Induced Osteomalacia Localized and Excised After Pregnancy - Melissa Sum, Syed T. Hoda, Timothy Rapp, Elcin Zan"
"A Case of Glucocorticoid Hypersensitivity Syndrome Associated With Underlying Rubella Virus Infection - Zhen Zhang, Ying Feng, Yang Cao, Yan Chen, Fangping Li"
"Transient Antidiuretic Hormone Insufficiency Caused by Severe Hyperosmolar Hyperglycemic Syndrome Based on Nephrogenic Diabetes Insipidus - Mizuki Gobaru, Kentaro Sakai, Yuki Sugiyama, Chiaki Kohara, ... Harumichi Higashi"
"Paraneoplastic Hypoglycemia Leading to Insulin Independence in a Patient With Type 1 Diabetes - Nami Safai Haeri, Hussain Mahmud, Mary T. Korytkowski"
"A Rare Case of Subcutaneous Insulin Resistance Presumed to be due to Paraneoplastic Process in Pancreatic Adenocarcinoma - Kacey Chae, Jordan Perlman, Ryan B. Fransman, Christopher L. Wolfgang, ... Nestoras Mathioudakis"
"A Case of Diabetic Myonecrosis - Kyrstin L. Lane, Ari Weinreb, Kira Chow, Jane Weinreb"
"An Adrenal Myelolipoma With Hemorrhage - Aysegul Bulut, Jeena Sandeep, David Ricklan, Michael A. Blake, Ann T. Sweeney"
