JurnalList
Editorial for March/April Issue of AACE Clinical Case Reports - Sina Jasim
"Primary Adrenal Insufficiency After COVID-19 Infection - Julienne Sánchez, Melissa Cohen, Joseph L. Zapater, Yuval Eisenberg"
"Losartan as a Steroid-Sparing Adjunct in a Patient With Features of Refractory Camurati-Engelmann Disease - Khushboo Agarwal, Remya Rajan, Jinson Paul, Kripa Elizabeth Cherian, ... Thomas V. Paul"
"Camurati-Engelmann Disease Complicated by Hypopituitarism: Management Challenges and Literature Review of Outcomes With Bisphosphonates - Liza Das, Vandana Dhiman, Pinaki Dutta, Ashwani Sood, ... Sanjay Kumar Bhadada"
"Vanishing Bone Disease of the Thoracic Cage: Challenges in the Management of a Rare Entity - Kripa Elizabeth Cherian, Nitin Kapoor, Thomas V. Paul"
"Rapidly Fatal Ectopic Adrenocorticotropic Hormone Syndrome in a 9-Year-Old Girl With Ewing Sarcoma - Johann Varghese, Mythili Ayyagari, Sagar S.L. Reddy, Navya Sruthi Mandapati, K.A.V. Subrahmanyam"
"Graves Disease Following Subacute Thyroiditis in a Chinese Man - Souad Al-Bacha, Sharon Wu Lahiri"
"Cushing Disease Treated Successfully With Metyrapone During Pregnancy - Ilana Ramer Bass, Amanda Leiter, Yevgeniya Pozharny, Raj Shrivastava, Nirali A. Shah"
"Two Cases of Methimazole-Induced Agranulocytosis With Their Risk Factors - Aye Khine, Kiranjit Dhillon, Linda Jo, Vanessa Wormser, ... Shreela Mishra"
"Recurrent Acromegaly in a Patient With a CHEK2 Mutation - Milica Perosevic, Maria Martinez-Lage, Brooke Swearingen, Nicholas A. Tritos"
"Novel Inactivating Homozygous PAPSS2 Mutation in Two Siblings With Disproportionate Short Stature - E. Melissa Perez-Garcia, Philip Whalen, Nursen Gurtunca"
"The Use of Orlistat in an Adult with Lipoprotein Lipase Deficiency: A Case Report - Zachary S. Jarrett, Chung-ting J. Kou, WingYee Wan, Jeffery A. Colburn"
"Breaking Down Barriers to Reproductive Care for Transgender People - Carly E. Kelley, Caroline J. Davidge-Pitts"
"Radiofrequency Ablation of Papillary Thyroid Microcarcinomas - Leonardo Guimarães Rangel, Jose Higino Steck, Erivelto Martinho Volpi, Jonathon O. Russell, Ralph P. Tufano"
"Management of Recurrent Laryngeal Nerve Injury During Radiofrequency Ablation of Thyroid Nodules - Jules Aljammal, Iram Hussain, Shahzad Ahmad"
