JurnalList
Editorial for September/October Issue of AACE Clinical Case Reports - Sina Jasim
"Voriconazole-Induced Diffuse Periostitis - Simona Stefan, Nadera Altork, Yazan Alzedaneen, Hilary Whitlatch, Kashif M. Munir"
"A Novel Missense CASR Gene Sequence Variation Resulting in Familial Hypocalciuric Hypercalcemia - Panagiotis Bletsis, Rosemarie Metzger, J. Alex Nelson, Justin Gasparini, ... Mira Milas"
"Primary Adrenal Lymphoma as a Rare Cause of Primary Adrenal Insufficiency: Challenges in Management and a Review of the Literature - Hannah Somasundaram, Pierre-Nicolas Boyer, John Casey, Mimi Wong, Vasant Shenoy"
"A Case of Hypophysitis Associated With SARS-CoV-2 Vaccination - Anvitha R. Ankireddypalli, Lisa S. Chow, Angela Radulescu, Yasuhiko Kawakami, Takako Araki"
"Occult Pulmonary Neuroendocrine Tumor Causing Severe Hyperparathyroidism: Diagnostic Challenges and Clinical Outcomes - Aaron Yazdian, Jeffrey Minuk, Gregory Hemenway, Neelam Upadhyaya, Cherie Lisa Vaz"
"Hyperphosphatemic Tumoral Calcinosis With Pemigatinib Use - Akshan Puar, Diane Donegan, Paul Helft, Matthew Kuhar, ... Michael Econs"
"Diabetic Ketoacidosis Complicating Gestational Diabetes Mellitus - Camila Alejandra Villavicencio, Alberto Franco-Akel, Regina Belokovskaya"
"Report of Prolonged Neonatal Hypoglycemia in Three Infants of Mothers With Variants in HNF1A - Sara Jane Cromer, Aluma Chovel Sella, Emily Rosenberg, Kevin Scully, ... Miriam S. Udler"
"A Boy With Progressive Cognitive Impairment and Darkening of Skin - Tareq Esteak, Sharmin Chowdhury, Mohammad Atiqur-Rahman, Mashfiqul Hasan"
"Papillary Thyroid Cancer Presenting as Skull Metastasis - Priyanka Majety, J Anthony Parker, Runhua Hou"
"Severe Abdominal Lipohypertrophy Due to Poor Insulin Management - Sang Ho Lee, Rakhil Rubinova"
