JurnalList
Editorial for November/December Issue of AACE Clinical Case Reports - Sina Jasim
"Exogenous Cushing Syndrome Caused by a “Herbal” Supplement - Reema Patel, Sahar Sherf, Ngan Betty Lai, Run Yu"
"Pituitary Abscess Causing Hypopituitarism in a Patient With Acquired Immunodeficiency Syndrome - Firas Warda, Jeet Patel, Leena Shahla"
"Multiple Deep Vein Thromboses After Curative Surgery for Cushing Disease: A Case Presentation and Review - Marissa N. Contento, Sanah Rana, Erika Brutsaert"
"Combined Central Hypothyroidism and Adrenal Insufficiency Associated with Retinoic Acid Therapy for Cutaneous T-Cell Lymphoma - Amanda Marino, Isabella Albanese, Stephanie Larose, I. George Fantus"
"A Case of Spondylodysplastic Ehlers-Danlos Syndrome With Comorbid Hypophosphatasia - Antara Dattagupta, Shelley Williamson, Lamees I. El Nihum, Steven Petak"
"Recurrent Cushing Syndrome From Metastatic Adrenocortical Carcinoma With Fumarate Hydratase Allelic Variant - Emily Silverman, Noor Addasi, Muaataz Azzawi, Ernesto Martinez Duarte, ... Anupam Kotwal"
"Localized Rhabdomyolysis Associated With Testosterone Enanthate for Gender-Affirming Hormonal Therapy - Rashmi Reddy, Sergio Lizama-Hernández, Ava M. Port"
"Adrenal Cushing’s Syndrome Treated With Preoperative Osilodrostat and Adrenalectomy - Risha B. Malik, Anat Ben-Shlomo"
"Dual Heterozygous Mutations in CYP21A2 and CYP11B1 in a Case of Nonclassic Congenital Adrenal Hyperplasia - Eric D. Frontera, Joshua J. Brown, Hagop Ghareebian, Cary Mariash"
"Radiofrequency Ablation of Recurrent Metastatic Papillary Thyroid Cancer to a Lymph Node - Shahzad Ahmad, Ian James Orozco, Sheheryar Raashid, Zainab Hamid, Jules Aljammal"
"Rapidly Expanding Neck Mass - Kevin Yum, Andria Caruso, Lindsey Graham, Ashley Ornoff, Harris M. Baloch"
"Blurry Vision and Bitemporal Hemianopia in a 24-Year-Old Man - Sebastian C. De La Torre, Kevin F. Brown, Mohamed K.M. Shakir, Thanh D. Hoang"
