JurnalList
Editorial for July/August Issue of AACE Clinical Case Reports - Sina Jasim
"A Novel Case of Hyperglycemic Hyperosmolar State After the Use of Teprotumumab in a Patient With Thyroid Eye Disease - Kajal Shah, Marina Charitou"
"Coexisting Thyroiditis and Carditis in a Patient With Lyme Disease: Looking for a Unifying Diagnosis - Paria Zarghamravanbakhsh, Farzane Saeidifard, Gourg Atteya, Swetha Murthi, ... Leonid Poretsky"
"Metastatic Insulinoma Presenting With Postprandial Hypoglycemia - Monique Debrah Maher, Dimpi Nitin Desai, Mandeep Bajaj"
"Vasoactive Intestinal Peptide-Secreting Pheochromocytoma: A Case Report and Review of Literature - Shelby K. Yee, John H. Meyer, Linda L. Wong"
"Emphysematous Cystitis and Urinary Retention in a Male Patient With Diabetes Mellitus Type 2 Treated With Empagliflozin - Gina M. Brock, Sarah M. Lane, Theodore S. Roosevelt"
"Sparsely Granulated Corticotroph Pituitary Macroadenoma Presenting With Pituitary Apoplexy Resulting in Remission of Hypercortisolism - Tao Liu, John P. Rossiter, Robyn L. Houlden, Sara Awad"
"Adrenal Crisis Secondary to COVID-19 Vaccination in a Patient With Hypopituitarism - Nikolina Markovic, Anila Faizan, Chirag Boradia, Sridhar Nambi"
"Rapidly Progressive Precocious Puberty With an Elevated Testosterone Level in a 5-Year-Old Boy With a β-Human Chorionic Gonadotropin-Secreting Intracranial Germ Cell Tumor in the Pineal Gland - Maria Graciela Parra Villasmil, Christina Kim, Mariko Sato, Lauren A. Kanner"
"A Case of a Pituitary Stone - Stephanie Charles, Nidhi Agrawal, Elcin Zan, Valerie Peck"
"Newly Diagnosed Hypoparathyroidism as the Initial Presentation of DiGeorge Syndrome in a 26-Year-Old Man - Anvay Shah, Bridget Sinnott"
"Bilateral Avascular Necrosis of Hip: An Oddity in Endogenous Hypercortisolemia - Aneez Joseph, Kripa Elizabeth Cherian, Nitin Kapoor, Vinoo Mathew Cherian, ... Thomas V. Paul"
"Suture Granuloma and Surgical Clips as a Mimic of Thyroid Cancer Recurrence - C Corbin Frye, Eileen Smith, Xiaotang Du, Malak Itani, ... Sina Jasim"
