JurnalList
Editorial for May/June Issue of AACE Clinical Case Reports - Sina Jasim
"Desmopressin Stimulation Test in a Pregnant Patient with Cushing's Disease - Wasita Warachit Parksook, Thachanun Porntharukchareon, Sarat Sunthornyothin"
"Facial Dysmorphic Features in a Patient With Nonketotic Hypoglycemia and a Pathogenic Variant in the AKT2 Gene - Maria Fernanda Ochoa Molina, Helena Poggi, Valeria De Toro, Carolina Mendoza, Khalid Hussain"
"Recurrent Subacute Thyroiditis in a Patient With Human Leukocyte Antigen–associated Predisposition to Graves Disease - Tadashi Yamakawa, Terue Sakakibara, Yasuo Terauchi"
"Thyroiditis After COVID-19 mRNA Vaccine: A Case Series - Manthan Pandya, Geethika Thota, Xiangbing Wang, Hongxiu Luo"
"Complicated Clinical Course in Incipient Gigantism Due to Treatment-resistant Aryl Hydrocarbon Receptor–Interacting Protein–mutated Pediatric Somatotropinoma - Selveta Sanne van Santen, Adrian F. Daly, Michael Buchfelder, Roland Coras, ... Sebastian Johannes Cornelis Martinus Maria Neggers"
"Thyroid Storm Caused by Hyperemesis Gravidarum - Chelsea F. Zimmerman, Alexandra B. Ilstad-Minnihan, Brittany S. Bruggeman, Bradley J. Bruggeman, ... Henry J. Rohrs"
"Two Cases of Wolfram Syndrome Who Were Initially Diagnosed With Type 1 Diabetes - Francesca Silvestri, Valeria Tromba, Francesco Costantino, Nila Palaniappan, Fumihiko Urano"
"Incidental Solitary Adrenal Metastasis as the Initial Manifestation of a Solid Variant of Papillary Thyroid Carcinoma, With Emphasis on Pathologic Diagnosis and Clinical Management - John D. Karalis, Liwei Jia, Natia Murvelashvili, Amy Vora, ... Alan P.B. Dackiw"
"Testosterone-Secreting Endometrioid Ovarian Carcinoma Presenting With Hyperandrogenism - Krishnakumar Rajamani, Richard G. Moore, Sheena M. Stanard, Olga Astapova"
"Discordant Timing of Hypoglycemic Agent Screening Causing Delayed Diagnosis of Sulfonylurea-Induced Hypoglycemia - Andrew Folick, Cheng Cheng, Simon N. Chu, Jonathan W. Rick, Robert J. Rushakoff"
"Pyramidal Lobe Nodule or Thyroglossal Duct Lesion? Approach to Diagnosis and Treatment - Genevieve M. Spagnuolo, Hien T. Tierney, Leslie S. Eldeiry, Luke P. Keffer, ... Jeffrey R. Garber"
"Branchial Cleft Remnant Masking as a Thyroid Mass in an Adult Patient - Lindsay T.M. Hoang, Andrea N. Snitchler, Michael I. Orestes, Mohamed K.M. Shakir, Thanh D. Hoang"
