JurnalList
Editorial for January/February Issue of AACE Clinical Case Reports - Sina Jasim
"Refractory Thyrotoxicosis in Oropharyngeal Squamous Cell Carcinoma Invading the Thyroid Gland - Lih Khuang Go, Huiling Liew, Hao Li"
"A Case Report of Hyperestrogenism in Prader-Willi Syndrome - Isabella Albanese, Natasha Garfield"
"Transient Central Diabetes Insipidus Occurring After Vasopressin Infusion - Elizabeth A. Cristiano, Ashley Harris, Kristin Grdinovac"
"Rare Diagnosis of Familial Partial Lipodystrophy in a Patient With Life-Threatening Pancreatitis due to Hypertriglyceridemia - Chukwuka Akamnonu, Masako Ueda, Ankit Shah"
"Pituitary Metastasis Presenting With Central Diabetes Insipidus and Panhypopituitarism - Sahana Parthasarathy, Donna H. Lee, Alex H. Levitt, Anjali Manavalan"
"Successful In Vitro Fertilization in a Cisgender Female Carrier Using Oocytes Retrieved From a Transgender Man Maintained on Testosterone - Phoebe Greenwald, Bethany Dubois, Jovana Lekovich, John Henry Pang, Joshua Safer"
"Diabetes Mellitus With Renal and Müllerian Anomalies - Khushboo Agarwal, Aaron Chapla, Anuradha Chandramohan, Chandra J. Singh, ... Felix K. Jebasingh"
"Biochemical and Radiological Changes in Liver Steatosis Following Mifepristone Treatment in Patients With Hypercortisolism - John C. Parker, Andreas G. Moraitis, Joseph K. Belanoff"
"Sodium-Glucose Co-Transporter Protein 2 Inhibitors Induced Hypercalcemia: A Case Series and Literature Review - Dana El Masri, Yasser Jamil, Jocelyne Eid Fares"
"Diaphoresis as the Prominent Manifestation of Pheochromocytoma - Rebecca Unterborn, Bankim Bhatt"
"A Diagnosis of Normocalcemic Primary Hyperparathyroidism Prompted by “Salt and Pepper” Lesions of the Calvarium - Simrun K. Bal, Meredith J. Sorensen, Andrew Robert Crawford"
"Coexistence of Cushing Disease With a Solitary Adrenocorticotrophic Hormone-Dependent Adrenal Adenoma - Mohamed K.M. Shakir, Ismail C. Ebrahim, Andrew Spiro, Vinh Q. Mai, Thanh D. Hoang"
"Adrenal Histoplasmosis-A Therapeutic Restoration of Adrenal Morphology - Anwar Hussain, Kripa Elizabeth Cherian, Nitin Kapoor, Anne Jennifer Prabhu, Thomas V. Paul"
Reviewer Acknowledgment page - 
